Score;Pair;Time;Strategy;takeprofit;threshold;timeout;stochTimeframe;stoploss;positions;profit;drawdown;long;winning;pips/position;pips/day;positions/day;positivedaysratio;holdtime/positions;hittimeout;hittp;hitsl;
-0,0696999999999982;GBPUSD;744;SSIStochStrategy;0,05;0,19;90;360;0,18;267;-0,0429999999999982;-0,045999999999998;0,531835205992509;0,50936329588015;-0,00016104868913857;-0,00138709677419349;8,61290322580645;0,166666666666667;112;135;106;26;
-0,0330999999999997;GBPUSD;744;SSIStochStrategy;0,22;0,15;90;1140;0,08;139;-0,0191999999999997;-0,0275999999999996;0,424460431654676;0,402877697841727;-0,000138129496402875;-0,000619354838709667;4,48387096774194;0,230769230769231;67;78;9;51;
-0,0540999999999984;GBPUSD;744;SSIStochStrategy;0,08;0,08;120;360;0,22;192;-0,0348999999999984;-0,0364999999999982;0,536458333333333;0,526041666666667;-0,000181770833333325;-0,00112580645161285;6,19354838709677;0,384615384615385;164;110;58;23;
-0,034599999999999;GBPUSD;744;SSIStochStrategy;0,04;0,16;30;1080;0,19;212;-0,013399999999999;-0,0251999999999992;0,452830188679245;0,476415094339623;-6,32075471698065E-05;-0,000432258064516096;6,83870967741936;0,230769230769231;38;146;62;4;
-0,0376000000000004;GBPUSD;744;SSIStochStrategy;0,16;0,14;60;900;0,23;170;-0,0206000000000004;-0,0258000000000005;0,488235294117647;0,423529411764706;-0,000121176470588238;-0,000664516129032271;5,48387096774194;0,230769230769231;57;150;13;6;
-0,0965999999999984;GBPUSD;744;SSIStochStrategy;0,21;0,21;60;240;0,24;301;-0,0664999999999984;-0,0719999999999985;0,518272425249169;0,408637873754153;-0,000220930232558134;-0,00214516129032253;9,70967741935484;0,166666666666667;85;284;7;10;
-0,0567000000000011;GBPUSD;744;SSIStochStrategy;0,03;0,17;60;360;0,13;361;-0,0206000000000011;-0,029000000000001;0,518005540166205;0,606648199445983;-5,70637119113603E-05;-0,000664516129032292;11,6451612903226;0,461538461538462;47;119;203;38;
-0,0522000000000014;GBPUSD;744;SSIStochStrategy;0,23;0,2;60;60;0,15;427;-0,0095000000000014;-0,012699999999999;0,484777517564403;0,48711943793911;-2,22482435597222E-05;-0,000306451612903271;13,7741935483871;0,5;90;384;13;30;
-0,0514999999999993;GBPUSD;744;SSIStochStrategy;0,28;0,11;150;540;0,04;205;-0,0309999999999993;-0,0309999999999993;0,478048780487805;0,273170731707317;-0,000151219512195118;-0,000999999999999976;6,61290322580645;0,307692307692308;95;56;9;139;
-0,0583999999999995;GBPUSD;744;SSIStochStrategy;0,18;0,14;180;300;0,31;138;-0,0445999999999995;-0,0466999999999993;0,514492753623188;0,405797101449275;-0,000323188405797098;-0,00143870967741934;4,45161290322581;0,25;217;107;20;10;
-0,0596000000000006;GBPUSD;744;SSIStochStrategy;0,29;0,19;30;180;0,11;507;-0,00890000000000057;-0,0136000000000005;0,516765285996055;0,439842209072978;-1,75542406311648E-05;-0,000287096774193567;16,3548387096774;0,416666666666667;45;471;4;32;
-0,0392999999999986;GBPUSD;744;SSIStochStrategy;0,13;0,1;150;1140;0,17;102;-0,0290999999999986;-0,0292999999999985;0,470588235294118;0,441176470588235;-0,000285294117647045;-0,000938709677419309;3,29032258064516;0,384615384615385;162;57;23;21;
-0,0525999999999995;GBPUSD;744;SSIStochStrategy;0,26;0,08;90;720;0,12;157;-0,0368999999999995;-0,0390999999999995;0,484076433121019;0,407643312101911;-0,000235031847133755;-0,00119032258064514;5,06451612903226;0,384615384615385;146;114;5;37;
-0,0438000000000005;GBPUSD;744;SSIStochStrategy;0,2;0,14;210;720;0,05;158;-0,0280000000000005;-0,0314000000000008;0,493670886075949;0,265822784810127;-0,000177215189873421;-0,000903225806451628;5,09677419354839;0,384615384615385;105;34;17;106;
-0,0421000000000005;GBPUSD;744;SSIStochStrategy;0,31;0,19;60;660;0,07;205;-0,0216000000000005;-0,0339000000000007;0,482926829268293;0,419512195121951;-0,000105365853658539;-0,000696774193548403;6,61290322580645;0,230769230769231;64;140;1;63;
-0,0249000000000002;GBPUSD;744;SSIStochStrategy;0,28;0,15;180;720;0,2;107;-0,0142000000000002;-0,0278;0,514018691588785;0,448598130841121;-0,000132710280373834;-0,000458064516129039;3,45161290322581;0,416666666666667;153;76;10;21;
-0,0482000000000006;GBPUSD;744;SSIStochStrategy;0,17;0,18;90;300;0,31;210;-0,0272000000000006;-0,0324000000000002;0,528571428571429;0,433333333333333;-0,000129523809523812;-0,000877419354838728;6,7741935483871;0,461538461538462;123;181;22;6;
-0,0354000000000003;GBPUSD;744;SSIStochStrategy;0,04;0,17;210;420;0,3;184;-0,0170000000000003;-0,0240000000000009;0,510869565217391;0,679347826086957;-9,2391304347828E-05;-0,000548387096774205;5,93548387096774;0,461538461538462;161;51;119;13;
-0,0303000000000011;GBPUSD;744;SSIStochStrategy;0,19;0,15;180;960;0,04;161;-0,0142000000000011;-0,0278000000000007;0,515527950310559;0,267080745341615;-8,8198757763982E-05;-0,000458064516129068;5,19354838709677;0,384615384615385;88;32;18;110;
-0,0634999999999991;GBPUSD;744;SSIStochStrategy;0,05;0,15;120;180;0,1;350;-0,0284999999999991;-0,0302999999999996;0,502857142857143;0,56;-8,14285714285688E-05;-0,000919354838709648;11,2903225806452;0,333333333333333;79;83;172;94;
-0,0736999999999999;GBPUSD;744;SSIStochStrategy;0,02;0,1;210;420;0,13;287;-0,0449999999999999;-0,0449999999999999;0,526132404181185;0,731707317073171;-0,000156794425087108;-0,0014516129032258;9,25806451612903;0,230769230769231;79;21;208;57;
-0,0689999999999998;GBPUSD;744;SSIStochStrategy;0,08;0,22;90;180;0,09;325;-0,0364999999999998;-0,0424000000000002;0,507692307692308;0,458461538461538;-0,000112307692307692;-0,0011774193548387;10,4838709677419;0,25;84;143;85;96;
-0,0221000000000001;GBPUSD;744;SSIStochStrategy;0,04;0,18;150;900;0,2;151;-0,00700000000000012;-0,0265000000000002;0,443708609271523;0,635761589403974;-4,63576158940405E-05;-0,000225806451612907;4,87096774193548;0,307692307692308;133;42;90;18;
-0,0504;GBPUSD;744;SSIStochStrategy;0,16;0,08;120;840;0,25;120;-0,0384;-0,0409000000000002;0,508333333333333;0,425;-0,00032;-0,00123870967741935;3,87096774193548;0,384615384615385;150;92;13;14;
-0,0929999999999995;GBPUSD;744;SSIStochStrategy;0,05;0,12;30;540;0,06;359;-0,0570999999999995;-0,0570999999999995;0,50974930362117;0,415041782729805;-0,000159052924791085;-0,00184193548387095;11,5806451612903;0;22;184;81;93;
-0,0473999999999999;GBPUSD;744;SSIStochStrategy;0,3;0,15;60;1140;0,18;144;-0,0329999999999999;-0,0418999999999996;0,451388888888889;0,388888888888889;-0,000229166666666666;-0,00106451612903226;4,64516129032258;0,0769230769230769;58;127;2;14;
-0,0938000000000015;GBPUSD;744;SSIStochStrategy;0,25;0,15;90;180;0,04;368;-0,0570000000000015;-0,0570000000000015;0,5;0,309782608695652;-0,00015489130434783;-0,0018387096774194;11,8709677419355;0,230769230769231;61;144;8;215;
-0,0472999999999983;GBPUSD;744;SSIStochStrategy;0,02;0,2;90;540;0,2;274;-0,0198999999999983;-0,0332999999999992;0,492700729927007;0,704379562043796;-7,2627737226271E-05;-0,000641935483870911;8,83870967741936;0,384615384615385;51;71;188;15;
-0,0721000000000001;GBPUSD;744;SSIStochStrategy;0,07;0,08;30;840;0,16;262;-0,0459000000000001;-0,0459000000000001;0,519083969465649;0,412213740458015;-0,000175190839694657;-0,00148064516129032;8,45161290322581;0,384615384615385;40;218;33;10;
-0,0454000000000005;GBPUSD;744;SSIStochStrategy;0,15;0,15;150;360;0,18;157;-0,0297000000000005;-0,0391000000000006;0,515923566878981;0,43312101910828;-0,000189171974522296;-0,000958064516129049;5,06451612903226;0,384615384615385;173;101;28;28;
-0,0779000000000002;GBPUSD;744;SSIStochStrategy;0,08;0,21;120;480;0,23;176;-0,0603000000000002;-0,0677000000000003;0,511363636363636;0,477272727272727;-0,000342613636363638;-0,00194516129032259;5,67741935483871;0,230769230769231;142;101;54;20;
-0,0234999999999996;GBPUSD;744;SSIStochStrategy;0,26;0,15;150;1080;0,3;98;-0,0136999999999996;-0,0251999999999994;0,469387755102041;0,428571428571429;-0,000139795918367343;-0,000441935483870955;3,16129032258065;0,333333333333333;164;80;9;8;
-0,0538000000000017;GBPUSD;744;SSIStochStrategy;0,13;0,14;30;780;0,06;271;-0,0267000000000017;-0,0274000000000021;0,516605166051661;0,416974169741697;-9,85239852398588E-05;-0,000861290322580701;8,74193548387097;0,307692307692308;26;194;17;60;
-0,0492;GBPUSD;744;SSIStochStrategy;0,09;0,15;90;480;0,15;213;-0,0279;-0,0363999999999998;0,52112676056338;0,464788732394366;-0,000130985915492958;-0,000900000000000001;6,87096774193548;0,307692307692308;83;129;52;31;
-0,0382999999999984;GBPUSD;744;SSIStochStrategy;0,26;0,2;30;1080;0,19;181;-0,0201999999999984;-0,0344999999999989;0,38121546961326;0,453038674033149;-0,000111602209944743;-0,000651612903225756;5,83870967741936;0,25;46;172;1;8;
-0,0299999999999994;GBPUSD;744;SSIStochStrategy;0,05;0,07;150;720;0,16;163;-0,0136999999999994;-0,0209000000000004;0,533742331288344;0,607361963190184;-8,40490797545974E-05;-0,000441935483870948;5,25806451612903;0,384615384615385;132;50;88;25;
-0,0358999999999994;GBPUSD;744;SSIStochStrategy;0,09;0,15;150;960;0,27;122;-0,0236999999999994;-0,0325999999999995;0,5;0,491803278688525;-0,000194262295081962;-0,000764516129032238;3,93548387096774;0,384615384615385;183;70;41;10;
0,0086000000000019;GBPUSD;744;SSIStochStrategy;0,26;0,19;210;1080;0,18;82;0,0168000000000019;-0,0143999999999995;0,451219512195122;0,439024390243902;0,000204878048780511;0,00054193548387103;2,64516129032258;0,5;281;58;8;15;
-0,0661999999999989;GBPUSD;744;SSIStochStrategy;0,09;0,17;120;420;0,29;178;-0,0483999999999989;-0,0542999999999993;0,544943820224719;0,50561797752809;-0,000271910112359544;-0,00156129032258061;5,74193548387097;0,307692307692308;161;112;52;13;
-0,014199999999999;GBPUSD;744;SSIStochStrategy;0,07;0,11;120;1020;0,22;136;-0,000599999999999046;-0,00759999999999916;0,477941176470588;0,573529411764706;-4,41176470587534E-06;-1,93548387096466E-05;4,38709677419355;0,384615384615385;164;68;55;12;
-0,0463999999999998;GBPUSD;744;SSIStochStrategy;0,18;0,21;180;540;0,3;123;-0,0340999999999998;-0,0429999999999995;0,479674796747967;0,382113821138211;-0,000277235772357722;-0,00109999999999999;3,96774193548387;0,307692307692308;227;94;18;10;
-0,0609000000000003;GBPUSD;744;SSIStochStrategy;0,1;0,08;150;120;0,2;235;-0,0374000000000003;-0,0495000000000005;0,476595744680851;0,506382978723404;-0,000159148936170214;-0,00120645161290324;7,58064516129032;0,166666666666667;156;125;73;36;
-0,0298999999999992;GBPUSD;744;SSIStochStrategy;0,09;0,21;60;1020;0,05;182;-0,0116999999999992;-0,0170999999999988;0,43956043956044;0,39010989010989;-6,42857142857096E-05;-0,000377419354838682;5,87096774193548;0,25;37;70;35;76;
-0,0748999999999991;GBPUSD;744;SSIStochStrategy;0,05;0,07;30;840;0,12;288;-0,0460999999999991;-0,0460999999999991;0,541666666666667;0,427083333333333;-0,000160069444444441;-0,00148709677419352;9,29032258064516;0,307692307692308;36;200;62;25;
-0,0204000000000007;GBPUSD;744;SSIStochStrategy;0,23;0,21;90;780;0,18;144;-0,00600000000000067;-0,0231000000000003;0,486111111111111;0,451388888888889;-4,16666666666713E-05;-0,000193548387096796;4,64516129032258;0,384615384615385;145;124;6;13;
-0,0275999999999982;GBPUSD;744;SSIStochStrategy;0,03;0,11;60;660;0,17;253;-0,00229999999999819;-0,00449999999999906;0,509881422924901;0,632411067193676;-9,09090909090195E-06;-7,41935483870385E-05;8,16129032258064;0,307692307692308;54;94;142;16;
-0,0285000000000008;GBPUSD;744;SSIStochStrategy;0,27;0,14;150;780;0,08;135;-0,0150000000000008;-0,016700000000001;0,503703703703704;0,37037037037037;-0,000111111111111117;-0,000483870967741961;4,35483870967742;0,538461538461538;127;72;8;54;
-0,0460999999999995;GBPUSD;744;SSIStochStrategy;0,15;0,18;120;420;0,21;170;-0,0290999999999995;-0,0374999999999999;0,529411764705882;0,464705882352941;-0,000171176470588232;-0,000938709677419337;5,48387096774194;0,230769230769231;157;122;27;20;
-0,0394999999999993;GBPUSD;744;SSIStochStrategy;0,26;0,16;60;600;0,08;208;-0,0186999999999993;-0,0253999999999994;0,514423076923077;0,408653846153846;-8,99038461538427E-05;-0,000603225806451589;6,70967741935484;0,384615384615385;53;151;4;52;
-0,0182999999999984;GBPUSD;744;SSIStochStrategy;0,03;0,17;120;960;0,16;175;-0,000799999999998358;-0,0181999999999991;0,485714285714286;0,714285714285714;-4,57142857141919E-06;-2,58064516128502E-05;5,64516129032258;0,461538461538462;98;34;122;18;
-0,0485999999999989;GBPUSD;744;SSIStochStrategy;0,05;0,07;120;840;0,11;187;-0,0298999999999989;-0,0298999999999989;0,513368983957219;0,53475935828877;-0,000159893048128337;-0,000964516129032223;6,03225806451613;0,230769230769231;104;47;89;50;
-0,0947999999999997;GBPUSD;744;SSIStochStrategy;0,21;0,13;60;240;0,19;312;-0,0635999999999997;-0,0685999999999993;0,525641025641026;0,407051282051282;-0,000203846153846153;-0,0020516129032258;10,0645161290323;0,153846153846154;83;280;8;24;
-0,0608000000000003;GBPUSD;744;SSIStochStrategy;0,28;0,08;180;360;0,29;130;-0,0478000000000003;-0,0512000000000001;0,515384615384615;0,430769230769231;-0,00036769230769231;-0,00154193548387098;4,19354838709677;0,307692307692308;249;113;4;12;
-0,0525999999999989;GBPUSD;744;SSIStochStrategy;0,08;0,07;180;600;0,29;124;-0,0401999999999989;-0,0476999999999992;0,524193548387097;0,491935483870968;-0,000324193548387088;-0,00129677419354835;4;0,307692307692308;205;70;41;12;
-0,0226000000000012;GBPUSD;744;SSIStochStrategy;0,15;0,16;90;660;0,09;170;-0,00560000000000116;-0,0139000000000009;0,523529411764706;0,458823529411765;-3,29411764705951E-05;-0,00018064516129036;5,48387096774194;0,384615384615385;89;103;19;47;
-0,0234999999999975;GBPUSD;744;SSIStochStrategy;0,1;0,16;210;960;0,17;113;-0,0121999999999975;-0,0269999999999986;0,495575221238938;0,504424778761062;-0,00010796460176989;-0,000393548387096695;3,64516129032258;0,384615384615385;204;45;41;26;
-0,061;GBPUSD;744;SSIStochStrategy;0,06;0,14;210;360;0,15;185;-0,0425;-0,0425;0,545945945945946;0,540540540540541;-0,00022972972972973;-0,00137096774193548;5,96774193548387;0,230769230769231;159;48;90;46;
-0,0424999999999997;GBPUSD;744;SSIStochStrategy;0,13;0,19;150;180;0,24;196;-0,0228999999999997;-0,0306;0,551020408163265;0,520408163265306;-0,000116836734693876;-0,000738709677419345;6,32258064516129;0,333333333333333;161;126;47;22;
-0,0572999999999999;GBPUSD;744;SSIStochStrategy;0,2;0,2;180;360;0,25;138;-0,0434999999999999;-0,0515000000000001;0,536231884057971;0,36231884057971;-0,000315217391304347;-0,00140322580645161;4,45161290322581;0,333333333333333;228;97;21;20;
-0,0476000000000008;GBPUSD;744;SSIStochStrategy;0,2;0,21;90;420;0,04;267;-0,0209000000000008;-0,0326000000000006;0,49438202247191;0,299625468164794;-7,82771535580555E-05;-0,000674193548387123;8,61290322580645;0,307692307692308;62;97;15;154;
-0,0488999999999999;GBPUSD;744;SSIStochStrategy;0,29;0,09;90;600;0,3;155;-0,0333999999999999;-0,0333999999999999;0,503225806451613;0,438709677419355;-0,000215483870967741;-0,00107741935483871;5;0,384615384615385;157;145;3;6;
-0,0665000000000006;GBPUSD;744;SSIStochStrategy;0,21;0,07;30;1080;0,23;215;-0,0450000000000006;-0,0461000000000005;0,493023255813954;0,376744186046512;-0,000209302325581398;-0,00145161290322583;6,93548387096774;0,230769230769231;58;205;3;6;
-0,0428000000000023;GBPUSD;744;SSIStochStrategy;0,21;0,17;90;780;0,05;190;-0,0238000000000023;-0,0403000000000022;0,478947368421053;0,336842105263158;-0,000125263157894749;-0,000767741935483944;6,12903225806452;0,307692307692308;70;72;12;105;
-0,0832999999999995;GBPUSD;744;SSIStochStrategy;0,07;0,12;30;120;0,22;626;-0,0206999999999995;-0,0214999999999983;0,528753993610224;0,450479233226837;-3,30670926517564E-05;-0,000667741935483855;20,1935483870968;0,5;36;514;105;7;
-0,0582000000000013;GBPUSD;744;SSIStochStrategy;0,2;0,17;180;540;0,29;119;-0,0463000000000013;-0,053200000000001;0,504201680672269;0,378151260504202;-0,000389075630252112;-0,00149354838709682;3,83870967741936;0,307692307692308;184;92;14;13;
-0,0413999999999985;GBPUSD;744;SSIStochStrategy;0,1;0,1;180;720;0,25;119;-0,0294999999999985;-0,034899999999999;0,521008403361345;0,512605042016807;-0,000247899159663853;-0,000951612903225759;3,83870967741936;0,307692307692308;223;70;35;14;
-0,0401999999999999;GBPUSD;744;SSIStochStrategy;0,1;0,12;150;720;0,22;129;-0,0272999999999999;-0,0330999999999999;0,496124031007752;0,449612403100775;-0,000211627906976743;-0,000880645161290319;4,16129032258065;0,384615384615385;203;79;35;14;
-0,0133999999999998;GBPUSD;744;SSIStochStrategy;0,01;0,18;120;1020;0,2;213;0,00790000000000024;-0,00739999999999963;0,455399061032864;0,849765258215962;3,70892018779354E-05;0,000254838709677427;6,87096774193548;0,5;57;23;180;10;
-0,0299000000000002;GBPUSD;744;SSIStochStrategy;0,12;0,07;150;780;0,25;119;-0,0180000000000002;-0,0316000000000005;0,512605042016807;0,445378151260504;-0,000151260504201683;-0,00058064516129033;3,83870967741936;0,461538461538462;213;75;31;13;
-0,0659000000000006;GBPUSD;744;SSIStochStrategy;0,04;0,21;90;540;0,22;213;-0,0446000000000006;-0,0523000000000002;0,469483568075117;0,516431924882629;-0,000209389671361505;-0,00143870967741938;6,87096774193548;0,0769230769230769;88;103;96;13;
-0,0653000000000012;GBPUSD;744;SSIStochStrategy;0,22;0,14;30;720;0,23;258;-0,0395000000000012;-0,0401000000000016;0,496124031007752;0,426356589147287;-0,000153100775193803;-0,00127419354838714;8,32258064516129;0,230769230769231;30;249;3;6;
-0,0494000000000015;GBPUSD;744;SSIStochStrategy;0,06;0,19;150;360;0,08;266;-0,0228000000000015;-0,0400000000000018;0,507518796992481;0,503759398496241;-8,57142857142913E-05;-0,00073548387096779;8,58064516129032;0,333333333333333;95;53;112;100;
-0,038;GBPUSD;744;SSIStochStrategy;0,1;0,21;180;540;0,11;156;-0,0224;-0,0348999999999999;0,467948717948718;0,435897435897436;-0,000143589743589743;-0,00072258064516129;5,03225806451613;0,230769230769231;158;54;47;54;
-0,0727999999999996;GBPUSD;744;SSIStochStrategy;0,15;0,15;60;300;0,26;267;-0,0460999999999996;-0,0558999999999994;0,524344569288389;0,419475655430712;-0,000172659176029961;-0,00148709677419354;8,61290322580645;0,230769230769231;77;243;16;8;
-0,0383999999999991;GBPUSD;744;SSIStochStrategy;0,01;0,2;30;600;0,22;384;8,88178419700125E-16;-0,0171999999999994;0,455729166666667;0,700520833333333;2,31296463463574E-18;2,86509167645202E-17;12,3870967741935;0,461538461538462;22;115;267;2;
-0,0907999999999981;GBPUSD;744;SSIStochStrategy;0,25;0,22;30;60;0,15;695;-0,0212999999999981;-0,021799999999998;0,530935251798561;0,461870503597122;-3,06474820143858E-05;-0,000687096774193487;22,4193548387097;0,583333333333333;46;667;4;24;
-0,00289999999999867;GBPUSD;744;SSIStochStrategy;0,13;0,18;210;720;0,23;110;0,00810000000000133;-0,0118999999999989;0,490909090909091;0,518181818181818;7,36363636363757E-05;0,000261290322580688;3,54838709677419;0,5;179;54;38;17;
-0,056700000000001;GBPUSD;744;SSIStochStrategy;0,06;0,17;30;420;0,18;355;-0,021200000000001;-0,0313000000000006;0,492957746478873;0,470422535211268;-5,97183098591577E-05;-0,000683870967741968;11,4516129032258;0,384615384615385;36;280;67;8;
-0,0307000000000012;GBPUSD;744;SSIStochStrategy;0,09;0,11;60;1140;0,22;152;-0,0155000000000012;-0,0224000000000013;0,447368421052632;0,486842105263158;-0,000101973684210534;-0,000500000000000038;4,90322580645161;0,307692307692308;68;117;26;8;
0,0067000000000003;GBPUSD;744;SSIStochStrategy;0,17;0,17;210;420;0,16;129;0,0196000000000003;-0,00159999999999982;0,542635658914729;0,472868217054264;0,000151937984496126;0,000632258064516138;4,16129032258065;0,538461538461538;200;63;34;31;
-0,0449999999999991;GBPUSD;744;SSIStochStrategy;0,2;0,15;180;120;0,29;164;-0,0285999999999991;-0,0438999999999992;0,5;0,48780487804878;-0,000174390243902433;-0,00092258064516126;5,29032258064516;0,25;208;129;20;14;
-0,0767999999999995;GBPUSD;744;SSIStochStrategy;0,3;0,11;60;60;0,16;443;-0,0324999999999995;-0,0324999999999995;0,474040632054176;0,471783295711061;-7,33634311512405E-05;-0,00104838709677418;14,2903225806452;0,666666666666667;90;412;4;27;
-0,0662999999999985;GBPUSD;744;SSIStochStrategy;0,22;0,14;120;60;0,26;248;-0,0414999999999985;-0,0444999999999987;0,471774193548387;0,459677419354839;-0,000167338709677413;-0,00133870967741931;8;0,333333333333333;168;213;16;18;
-0,0834000000000017;GBPUSD;744;SSIStochStrategy;0,11;0,14;30;420;0,13;346;-0,0488000000000017;-0,0488000000000017;0,520231213872832;0,401734104046243;-0,000141040462427751;-0,00157419354838715;11,1612903225806;0,307692307692308;38;299;22;24;
-0,0367000000000013;GBPUSD;744;SSIStochStrategy;0,29;0,12;90;960;0,11;146;-0,0221000000000013;-0,026900000000001;0,479452054794521;0,417808219178082;-0,000151369863013708;-0,000712903225806495;4,70967741935484;0,384615384615385;131;103;3;39;
-0,0854000000000008;GBPUSD;744;SSIStochStrategy;0,11;0,16;30;240;0,13;462;-0,0392000000000008;-0,0492000000000006;0,517316017316017;0,415584415584416;-8,48484848484866E-05;-0,00126451612903228;14,9032258064516;0,230769230769231;40;400;31;30;
-0,0455000000000005;GBPUSD;744;SSIStochStrategy;0,09;0,18;180;780;0,3;117;-0,0338000000000005;-0,0499000000000005;0,47008547008547;0,487179487179487;-0,000288888888888893;-0,00109032258064518;3,7741935483871;0,307692307692308;207;66;41;10;
-0,0980000000000028;GBPUSD;744;SSIStochStrategy;0,09;0,19;90;120;0,03;552;-0,0428000000000028;-0,0428000000000028;0,492753623188406;0,282608695652174;-7,75362318840631E-05;-0,00138064516129041;17,8064516129032;0,25;34;95;96;360;
0,0092000000000003;GBPUSD;744;SSIStochStrategy;0,16;0,18;210;720;0,08;124;0,0216000000000003;-0,0112999999999999;0,459677419354839;0,419354838709677;0,000174193548387099;0,000696774193548396;4;0,583333333333333;123;37;32;55;
-0,0982000000000005;GBPUSD;744;SSIStochStrategy;0,04;0,18;60;420;0,02;486;-0,0496000000000005;-0,0496000000000005;0,510288065843621;0,310699588477366;-0,000102057613168725;-0,00160000000000002;15,6774193548387;0,153846153846154;16;36;126;324;
-0,0449000000000036;GBPUSD;744;SSIStochStrategy;0,29;0,17;90;600;0,05;209;-0,0240000000000036;-0,0394000000000032;0,492822966507177;0,325358851674641;-0,000114832535885185;-0,000774193548387212;6,74193548387097;0,384615384615385;71;88;6;114;
-0,0121999999999989;GBPUSD;744;SSIStochStrategy;0,25;0,2;120;780;0,18;127;0,000500000000001055;-0,020999999999999;0,456692913385827;0,496062992125984;3,93700787402406E-06;1,61290322580986E-05;4,09677419354839;0,384615384615385;178;99;9;18;
-0,0745999999999986;GBPUSD;744;SSIStochStrategy;0,26;0,12;30;540;0,25;300;-0,0445999999999986;-0,0445999999999986;0,503333333333333;0,41;-0,000148666666666662;-0,00143870967741931;9,67741935483871;0,153846153846154;31;294;1;4;
-0,0559000000000007;GBPUSD;744;SSIStochStrategy;0,1;0,22;210;900;0,01;296;-0,0263000000000007;-0,0328000000000008;0,472972972972973;0,111486486486486;-8,88513513513536E-05;-0,000848387096774215;9,54838709677419;0,333333333333333;18;4;29;262;
-0,0277999999999986;GBPUSD;744;SSIStochStrategy;0,16;0,08;210;900;0,09;114;-0,0163999999999986;-0,0261999999999989;0,508771929824561;0,403508771929825;-0,000143859649122795;-0,000529032258064472;3,67741935483871;0,307692307692308;185;38;24;51;
-0,0553000000000004;GBPUSD;744;SSIStochStrategy;0,25;0,08;150;420;0,16;148;-0,0405000000000004;-0,0413000000000003;0,52027027027027;0,418918918918919;-0,000273648648648652;-0,00130645161290324;4,7741935483871;0,230769230769231;199;110;5;33;
-0,0434000000000004;GBPUSD;744;SSIStochStrategy;0,07;0,14;180;1080;0,28;108;-0,0326000000000004;-0,0375000000000005;0,462962962962963;0,537037037037037;-0,000301851851851856;-0,00105161290322582;3,48387096774194;0,230769230769231;173;50;48;10;
-0,0383999999999982;GBPUSD;744;SSIStochStrategy;0,06;0,11;210;300;0,21;179;-0,0204999999999982;-0,0330999999999981;0,536312849162011;0,58659217877095;-0,000114525139664794;-0,000661290322580587;5,7741935483871;0,307692307692308;194;62;93;23;
-0,0309999999999991;GBPUSD;744;SSIStochStrategy;0,1;0,08;210;1140;0,17;90;-0,0219999999999991;-0,0306999999999986;0,455555555555556;0,522222222222222;-0,000244444444444435;-0,000709677419354811;2,90322580645161;0,230769230769231;195;37;29;23;
-0,0254000000000007;GBPUSD;744;SSIStochStrategy;0,28;0,12;90;900;0,3;138;-0,0116000000000007;-0,0176000000000007;0,492753623188406;0,471014492753623;-8,4057971014498E-05;-0,00037419354838712;4,45161290322581;0,461538461538462;145;128;4;6;
-0,083499999999998;GBPUSD;744;SSIStochStrategy;0,02;0,15;150;480;0,03;473;-0,036199999999998;-0,038399999999998;0,545454545454545;0,47568710359408;-7,65327695560212E-05;-0,00116774193548381;15,258064516129;0,230769230769231;15;1;225;246;
-0,0276000000000009;GBPUSD;744;SSIStochStrategy;0,05;0,14;120;60;0,25;376;0,00999999999999912;-0,0137999999999991;0,473404255319149;0,643617021276596;2,65957446808487E-05;0,000322580645161262;12,1290322580645;0,666666666666667;107;140;211;24;
-0,0429000000000001;GBPUSD;744;SSIStochStrategy;0,06;0,17;30;840;0,21;233;-0,0196000000000001;-0,0333000000000006;0,463519313304721;0,467811158798283;-8,412017167382E-05;-0,000632258064516131;7,51612903225806;0,307692307692308;27;188;40;5;
-0,0552999999999989;GBPUSD;744;SSIStochStrategy;0,2;0,11;180;480;0,25;126;-0,0426999999999989;-0,0479999999999994;0,515873015873016;0,436507936507937;-0,00033888888888888;-0,00137741935483867;4,06451612903226;0,307692307692308;216;88;17;21;
0,0234999999999992;GBPUSD;744;SSIStochStrategy;0,14;0,19;180;60;0,23;201;0,0435999999999992;-0,00190000000000001;0,427860696517413;0,562189054726368;0,000216915422885568;0,0014064516129032;6,48387096774194;0,666666666666667;209;127;57;17;
-0,0518999999999992;GBPUSD;744;SSIStochStrategy;0,27;0,09;90;360;0,21;202;-0,0316999999999992;-0,0358999999999994;0,544554455445545;0,465346534653465;-0,000156930693069303;-0,00102258064516126;6,51612903225806;0,307692307692308;154;182;4;15;
-0,0695000000000006;GBPUSD;744;SSIStochStrategy;0,19;0,11;180;300;0,12;161;-0,0534000000000006;-0,0534000000000006;0,509316770186335;0,416149068322981;-0,000331677018633544;-0,00172258064516131;5,19354838709677;0,416666666666667;198;82;18;60;
-0,0362000000000008;GBPUSD;744;SSIStochStrategy;0,27;0,16;150;360;0,23;148;-0,0214000000000008;-0,0355000000000008;0,506756756756757;0,425675675675676;-0,0001445945945946;-0,000690322580645186;4,7741935483871;0,384615384615385;188;120;9;18;
-0,0263999999999997;GBPUSD;744;SSIStochStrategy;0,05;0,07;120;360;0,21;220;-0,00439999999999974;-0,0148999999999992;0,55;0,586363636363636;-1,99999999999988E-05;-0,000141935483870959;7,09677419354839;0,384615384615385;135;89;110;20;
-0,0807000000000019;GBPUSD;744;SSIStochStrategy;0,16;0,21;90;360;0,1;229;-0,0578000000000019;-0,0624000000000018;0,519650655021834;0,384279475982533;-0,000252401746724899;-0,00186451612903232;7,38709677419355;0,0833333333333333;119;145;18;65;
-0,0257999999999991;GBPUSD;744;SSIStochStrategy;0,21;0,21;30;780;0,2;216;-0,00419999999999909;-0,0196999999999992;0,467592592592593;0,444444444444444;-1,94444444444402E-05;-0,000135483870967713;6,96774193548387;0,307692307692308;44;207;3;6;
-0,0784999999999998;GBPUSD;744;SSIStochStrategy;0,18;0,13;150;300;0,08;204;-0,0580999999999998;-0,0584;0,519607843137255;0,362745098039216;-0,000284803921568627;-0,00187419354838709;6,58064516129032;0,333333333333333;134;76;27;100;
-0,0987;GBPUSD;744;SSIStochStrategy;0,07;0,22;210;120;0,1;278;-0,0709;-0,0709;0,5;0,492805755395683;-0,000255035971223021;-0,00228709677419355;8,96774193548387;0,5;113;48;117;112;
-0,0615000000000015;GBPUSD;744;SSIStochStrategy;0,23;0,09;120;60;0,2;251;-0,0364000000000015;-0,0364000000000015;0,462151394422311;0,458167330677291;-0,000145019920318731;-0,00117419354838715;8,09677419354839;0,5;166;204;16;30;
-0,0448999999999989;GBPUSD;744;SSIStochStrategy;0,2;0,16;180;420;0,22;126;-0,0322999999999989;-0,0322999999999989;0,531746031746032;0,428571428571429;-0,000256349206349198;-0,00104193548387093;4,06451612903226;0,384615384615385;175;86;21;19;
-0,034899999999999;GBPUSD;744;SSIStochStrategy;0,22;0,2;210;900;0,05;137;-0,021199999999999;-0,0323999999999993;0,430656934306569;0,262773722627737;-0,000154744525547438;-0,000683870967741903;4,41935483870968;0,384615384615385;106;28;13;96;
-0,0261;GBPUSD;744;SSIStochStrategy;0,26;0,16;150;1140;0,11;104;-0,0157;-0,0243;0,403846153846154;0,384615384615385;-0,000150961538461539;-0,000506451612903227;3,35483870967742;0,333333333333333;115;61;7;35;
-0,0624999999999981;GBPUSD;744;SSIStochStrategy;0,06;0,09;90;480;0,15;214;-0,0410999999999981;-0,0410999999999981;0,509345794392523;0,481308411214953;-0,000192056074766346;-0,00132580645161284;6,90322580645161;0,307692307692308;114;110;70;33;
-0,0716999999999986;GBPUSD;744;SSIStochStrategy;0,18;0,2;60;300;0,14;269;-0,0447999999999986;-0,0515999999999983;0,54275092936803;0,405204460966543;-0,000166542750929363;-0,00144516129032254;8,67741935483871;0,0833333333333333;86;231;11;27;
-0,00820000000000027;GBPUSD;744;SSIStochStrategy;0,25;0,21;180;660;0,09;127;0,00449999999999973;-0,0107000000000002;0,47244094488189;0,409448818897638;3,54330708661396E-05;0,000145161290322572;4,09677419354839;0,461538461538462;174;65;12;49;
-0,0445999999999996;GBPUSD;744;SSIStochStrategy;0,16;0,15;30;1080;0,1;212;-0,0233999999999996;-0,0350999999999997;0,457547169811321;0,415094339622642;-0,000110377358490564;-0,000754838709677408;6,83870967741936;0,230769230769231;28;179;7;26;
-0,0349999999999981;GBPUSD;744;SSIStochStrategy;0,07;0,1;180;960;0,21;120;-0,0229999999999981;-0,0305999999999982;0,491666666666667;0,566666666666667;-0,000191666666666651;-0,000741935483870908;3,87096774193548;0,461538461538462;173;50;54;16;
-0,047199999999999;GBPUSD;744;SSIStochStrategy;0,13;0,21;120;180;0,21;219;-0,025299999999999;-0,032999999999999;0,538812785388128;0,488584474885845;-0,000115525114155247;-0,000816129032258032;7,06451612903226;0,25;138;155;45;18;
-0,0256000000000012;GBPUSD;744;SSIStochStrategy;0,28;0,11;90;1020;0,11;140;-0,0116000000000012;-0,0188000000000006;0,464285714285714;0,442857142857143;-8,28571428571512E-05;-0,000374193548387134;4,51612903225806;0,461538461538462;133;101;3;35;
-0,0274999999999992;GBPUSD;744;SSIStochStrategy;0,21;0,22;180;960;0,05;139;-0,0135999999999992;-0,0231999999999992;0,446043165467626;0,294964028776978;-9,7841726618699E-05;-0,000438709677419328;4,48387096774194;0,5;105;38;10;90;
-0,0365999999999991;GBPUSD;744;SSIStochStrategy;0,19;0,18;120;60;0,16;264;-0,0101999999999991;-0,0101999999999991;0,465909090909091;0,473484848484849;-3,86363636363602E-05;-0,000329032258064487;8,51612903225806;0,416666666666667;155;197;25;41;
-0,0666000000000002;GBPUSD;744;SSIStochStrategy;0,11;0,13;150;540;0,06;196;-0,0470000000000002;-0,0470000000000002;0,540816326530612;0,346938775510204;-0,000239795918367348;-0,00151612903225807;6,32258064516129;0,153846153846154;98;53;39;103;
-0,0166999999999995;GBPUSD;744;SSIStochStrategy;0,04;0,08;150;840;0,23;158;-0,000899999999999457;-0,0168000000000001;0,506329113924051;0,651898734177215;-5,69620253164213E-06;-2,90322580644986E-05;5,09677419354839;0,384615384615385;147;51;95;12;
-0,0827000000000007;GBPUSD;744;SSIStochStrategy;0,02;0,13;180;180;0,17;382;-0,0445000000000007;-0,0458000000000007;0,554973821989529;0,74869109947644;-0,00011649214659686;-0,00143548387096776;12,3225806451613;0,307692307692308;89;49;286;47;
-0,045;GBPUSD;744;SSIStochStrategy;0,04;0,16;180;660;0,21;169;-0,0281;-0,0411000000000006;0,520710059171598;0,644970414201183;-0,000166272189349113;-0,000906451612903226;5,45161290322581;0,230769230769231;134;45;101;22;
-0,0454000000000016;GBPUSD;744;SSIStochStrategy;0,3;0,19;60;720;0,27;175;-0,0279000000000016;-0,0436000000000016;0,462857142857143;0,451428571428571;-0,000159428571428581;-0,000900000000000051;5,64516129032258;0,230769230769231;77;165;2;7;
-0,0630999999999994;GBPUSD;744;SSIStochStrategy;0,16;0,18;150;600;0,02;270;-0,0360999999999994;-0,0449999999999993;0,511111111111111;0,159259259259259;-0,000133703703703701;-0,00116451612903224;8,70967741935484;0,0769230769230769;38;25;23;221;
-0,0583000000000045;GBPUSD;744;SSIStochStrategy;0,22;0,16;150;120;0,03;384;-0,0199000000000045;-0,0232000000000039;0,520833333333333;0,2265625;-5,18229166666783E-05;-0,000641935483871112;12,3870967741935;0,333333333333333;61;67;28;288;
-0,0373999999999996;GBPUSD;744;SSIStochStrategy;0,04;0,17;210;720;0,22;158;-0,0215999999999996;-0,0355000000000003;0,474683544303797;0,658227848101266;-0,000136708860759491;-0,000696774193548375;5,09677419354839;0,307692307692308;141;37;100;20;
-0,0917999999999986;GBPUSD;744;SSIStochStrategy;0,02;0,12;180;900;0,01;506;-0,0411999999999986;-0,0445999999999991;0,523715415019763;0,25296442687747;-8,1422924901183E-05;-0,00132903225806447;16,3225806451613;0,153846153846154;5;0;128;378;
-0,0953999999999998;GBPUSD;744;SSIStochStrategy;0,21;0,18;30;480;0,01;533;-0,0420999999999998;-0,0428999999999997;0,49718574108818;0,170731707317073;-7,89868667917445E-05;-0,00135806451612903;17,1935483870968;0,307692307692308;10;99;2;432;
-0,0328999999999994;GBPUSD;744;SSIStochStrategy;0,24;0,08;180;1020;0,16;92;-0,0236999999999994;-0,0247999999999995;0,489130434782609;0,456521739130435;-0,000257608695652167;-0,000764516129032238;2,96774193548387;0,307692307692308;232;58;9;24;
-0,0540999999999994;GBPUSD;744;SSIStochStrategy;0,16;0,07;120;1140;0,25;100;-0,0440999999999994;-0,0453999999999992;0,47;0,41;-0,000440999999999994;-0,00142258064516127;3,2258064516129;0,153846153846154;159;77;9;13;
-0,0275999999999995;GBPUSD;744;SSIStochStrategy;0,21;0,14;120;840;0,08;147;-0,0128999999999995;-0,0222;0,496598639455782;0,408163265306122;-8,77551020408127E-05;-0,000416129032258047;4,74193548387097;0,384615384615385;106;76;14;56;
-0,0671999999999987;GBPUSD;744;SSIStochStrategy;0,02;0,18;90;360;0,1;377;-0,0294999999999987;-0,0367000000000004;0,509283819628647;0,663129973474801;-7,82493368700232E-05;-0,000951612903225766;12,1612903225806;0,384615384615385;61;67;241;68;
0,000399999999999099;GBPUSD;744;SSIStochStrategy;0,15;0,15;180;60;0,24;201;0,0204999999999991;-0,00190000000000001;0,427860696517413;0,532338308457711;0,000101990049751239;0,000661290322580615;6,48387096774194;0,5;211;129;50;22;
-0,0403999999999998;GBPUSD;744;SSIStochStrategy;0,27;0,18;30;840;0,22;221;-0,0182999999999998;-0,0343000000000002;0,461538461538462;0,46606334841629;-8,28054298642523E-05;-0,000590322580645154;7,12903225806452;0,230769230769231;30;214;1;6;
-0,0244999999999973;GBPUSD;744;SSIStochStrategy;0,06;0,07;210;840;0,24;123;-0,0121999999999973;-0,026499999999998;0,536585365853659;0,585365853658537;-9,91869918698969E-05;-0,000393548387096688;3,96774193548387;0,307692307692308;208;41;67;14;
-0,0100999999999993;GBPUSD;744;SSIStochStrategy;0,11;0,2;210;1140;0,23;95;-0,000599999999999268;-0,0183999999999995;0,410526315789474;0,505263157894737;-6,3157894736765E-06;-1,93548387096538E-05;3,06451612903226;0,5;236;46;34;14;
-0,0375000000000011;GBPUSD;744;SSIStochStrategy;0,08;0,12;180;120;0,15;252;-0,0123000000000011;-0,0144000000000009;0,472222222222222;0,567460317460317;-4,88095238095281E-05;-0,000396774193548422;8,12903225806452;0,5;132;86;109;56;
-0,0106999999999993;GBPUSD;744;SSIStochStrategy;0,12;0,16;210;960;0,11;123;0,00160000000000071;-0,0186999999999999;0,471544715447154;0,439024390243902;1,30081300813066E-05;5,16129032258294E-05;3,96774193548387;0,416666666666667;158;36;40;46;
-0,0578000000000001;GBPUSD;744;SSIStochStrategy;0,18;0,19;180;180;0,27;161;-0,0417000000000001;-0,0511000000000001;0,490683229813665;0,440993788819876;-0,000259006211180125;-0,00134516129032258;5,19354838709677;0,333333333333333;206;120;24;16;
-0,0563000000000009;GBPUSD;744;SSIStochStrategy;0,04;0,14;30;660;0,06;318;-0,0245000000000009;-0,024800000000001;0,506289308176101;0,462264150943396;-7,70440251572354E-05;-0,000790322580645189;10,258064516129;0,307692307692308;22;155;94;69;
-0,0866999999999987;GBPUSD;744;SSIStochStrategy;0,26;0,11;30;480;0,15;322;-0,0544999999999987;-0,0544999999999987;0,503105590062112;0,381987577639752;-0,000169254658385089;-0,00175806451612899;10,3870967741935;0,230769230769231;30;302;2;17;
-0,0359999999999984;GBPUSD;744;SSIStochStrategy;0,09;0,19;30;1020;0,05;218;-0,0141999999999984;-0,0238999999999989;0,426605504587156;0,422018348623853;-6,51376146788919E-05;-0,000458064516128982;7,03225806451613;0,25;23;125;26;67;
-0,0260999999999997;GBPUSD;744;SSIStochStrategy;0,05;0,07;150;1140;0,28;112;-0,0148999999999997;-0,0305999999999997;0,455357142857143;0,607142857142857;-0,000133035714285712;-0,000480645161290313;3,61290322580645;0,307692307692308;160;42;59;11;
-0,0558999999999993;GBPUSD;744;SSIStochStrategy;0,13;0,15;30;540;0,11;317;-0,0241999999999993;-0,0316999999999994;0,523659305993691;0,425867507886435;-7,6340694006307E-05;-0,000780645161290301;10,2258064516129;0,384615384615385;29;272;16;28;
-0,0744000000000007;GBPUSD;744;SSIStochStrategy;0,15;0,1;180;360;0,06;207;-0,0537000000000007;-0,0538000000000007;0,526570048309179;0,314009661835749;-0,000259420289855076;-0,00173225806451615;6,67741935483871;0,307692307692308;127;53;31;122;
-0,0455999999999994;GBPUSD;744;SSIStochStrategy;0,19;0,09;150;420;0,24;143;-0,0312999999999994;-0,0345999999999995;0,510489510489511;0,440559440559441;-0,000218881118881115;-0,00100967741935482;4,61290322580645;0,307692307692308;209;112;14;17;
-0,0889000000000015;GBPUSD;744;SSIStochStrategy;0,22;0,08;30;360;0,06;399;-0,0490000000000015;-0,0509000000000015;0,516290726817043;0,406015037593985;-0,000122807017543863;-0,00158064516129037;12,8709677419355;0,384615384615385;34;303;2;93;
-0,0278999999999992;GBPUSD;744;SSIStochStrategy;0,24;0,14;120;840;0,15;130;-0,0148999999999992;-0,0212999999999999;0,5;0,446153846153846;-0,000114615384615379;-0,000480645161290298;4,19354838709677;0,307692307692308;172;95;10;24;
-0,0828000000000017;GBPUSD;744;SSIStochStrategy;0,29;0,17;150;60;0,05;314;-0,0514000000000017;-0,0526000000000015;0,484076433121019;0,32484076433121;-0,000163694267515929;-0,00165806451612909;10,1290322580645;0,25;118;116;8;189;
-0,0254999999999985;GBPUSD;744;SSIStochStrategy;0,31;0,18;210;360;0,25;121;-0,0133999999999985;-0,0253999999999992;0,504132231404959;0,388429752066116;-0,00011074380165288;-0,000432258064516081;3,90322580645161;0,333333333333333;271;92;11;17;
-0,0328999999999986;GBPUSD;744;SSIStochStrategy;0,07;0,17;90;960;0,08;164;-0,0164999999999986;-0,0332999999999988;0,463414634146341;0,475609756097561;-0,000100609756097553;-0,000532258064516085;5,29032258064516;0,461538461538462;73;54;53;56;
-0,0110999999999983;GBPUSD;744;SSIStochStrategy;0,18;0,19;180;1080;0,16;93;-0,00179999999999825;-0,0156999999999983;0,440860215053763;0,43010752688172;-1,93548387096586E-05;-5,80645161289757E-05;3;0,416666666666667;232;55;17;20;
-0,0269999999999977;GBPUSD;744;SSIStochStrategy;0,15;0,09;210;1080;0,1;102;-0,0167999999999977;-0,0223999999999982;0,46078431372549;0,431372549019608;-0,000164705882352919;-0,000541935483870894;3,29032258064516;0,307692307692308;171;35;21;45;
-0,116300000000002;GBPUSD;744;SSIStochStrategy;0,07;0,09;30;240;0,04;545;-0,0618000000000023;-0,0636000000000025;0,548623853211009;0,376146788990826;-0,000113394495412848;-0,00199354838709685;17,5806451612903;0,230769230769231;31;278;70;196;
-0,0389000000000007;GBPUSD;744;SSIStochStrategy;0,24;0,16;30;840;0,09;229;-0,0160000000000007;-0,0295000000000012;0,497816593886463;0,449781659388646;-6,98689956331908E-05;-0,000516129032258086;7,38709677419355;0,153846153846154;29;199;2;28;
-0,0236000000000026;GBPUSD;744;SSIStochStrategy;0,28;0,12;210;180;0,05;233;-0,000300000000002632;-0,0141000000000024;0,454935622317597;0,296137339055794;-1,28755364807996E-06;-9,6774193549236E-06;7,51612903225806;0,307692307692308;150;63;15;154;
-0,0352;GBPUSD;744;SSIStochStrategy;0,27;0,08;150;780;0,04;169;-0,0183;-0,0198;0,485207100591716;0,27810650887574;-0,000108284023668639;-0,000590322580645161;5,45161290322581;0,384615384615385;84;46;8;114;
-0,0409999999999999;GBPUSD;744;SSIStochStrategy;0,16;0,08;150;720;0,23;119;-0,0290999999999999;-0,0360999999999998;0,504201680672269;0,445378151260504;-0,00024453781512605;-0,000938709677419352;3,83870967741936;0,384615384615385;193;83;20;16;
-0,052600000000002;GBPUSD;744;SSIStochStrategy;0,12;0,19;60;720;0,05;225;-0,030100000000002;-0,0444000000000018;0,471111111111111;0,355555555555556;-0,000133777777777787;-0,000970967741935549;7,25806451612903;0,153846153846154;39;100;21;103;
-0,0624000000000026;GBPUSD;744;SSIStochStrategy;0,16;0,2;90;540;0,25;177;-0,0447000000000026;-0,0551000000000021;0,502824858757062;0,423728813559322;-0,000252542372881371;-0,00144193548387105;5,70967741935484;0,307692307692308;118;148;17;11;
-0,0485999999999993;GBPUSD;744;SSIStochStrategy;0,21;0,2;210;240;0,22;137;-0,0348999999999993;-0,0497999999999992;0,518248175182482;0,416058394160584;-0,00025474452554744;-0,00112580645161288;4,41935483870968;0,333333333333333;253;94;19;23;
-0,0361999999999992;GBPUSD;744;SSIStochStrategy;0,28;0,13;120;840;0,28;127;-0,0234999999999992;-0,0297999999999996;0,496062992125984;0,464566929133858;-0,000185039370078734;-0,000758064516129006;4,09677419354839;0,307692307692308;200;112;6;8;
-0,0574000000000016;GBPUSD;744;SSIStochStrategy;0,3;0,16;30;360;0,2;359;-0,0215000000000016;-0,0310000000000015;0,501392757660167;0,428969359331476;-5,98885793871912E-05;-0,000693548387096827;11,5806451612903;0,384615384615385;44;348;3;7;
-0,0123999999999988;GBPUSD;744;SSIStochStrategy;0,29;0,19;120;1020;0,12;112;-0,00119999999999876;-0,0210999999999988;0,455357142857143;0,482142857142857;-1,07142857142746E-05;-3,87096774193148E-05;3,61290322580645;0,416666666666667;183;84;3;24;
-0,0382000000000001;GBPUSD;744;SSIStochStrategy;0,14;0,19;90;720;0,24;153;-0,0229000000000001;-0,0414000000000001;0,483660130718954;0,464052287581699;-0,00014967320261438;-0,000738709677419359;4,93548387096774;0,307692307692308;140;124;17;11;
-0,0473999999999986;GBPUSD;744;SSIStochStrategy;0,01;0,09;120;840;0,08;326;-0,0147999999999986;-0,0149999999999988;0,5;0,791411042944785;-4,53987730061307E-05;-0,000477419354838664;10,5161290322581;0,307692307692308;30;14;258;54;
-0,0831999999999988;GBPUSD;744;SSIStochStrategy;0,01;0,16;150;180;0,19;541;-0,0290999999999988;-0,034999999999999;0,523105360443623;0,852125693160813;-5,37892791127519E-05;-0,000938709677419316;17,4516129032258;0,307692307692308;51;48;460;33;
-0,0488999999999975;GBPUSD;744;SSIStochStrategy;0,22;0,12;120;1140;0,03;184;-0,0304999999999975;-0,0317999999999985;0,456521739130435;0,206521739130435;-0,000165760869565204;-0,000983870967741856;5,93548387096774;0,153846153846154;57;35;9;139;
-0,0349999999999998;GBPUSD;744;SSIStochStrategy;0,13;0,09;180;540;0,24;131;-0,0218999999999998;-0,0272999999999999;0,519083969465649;0,473282442748092;-0,000167175572519083;-0,00070645161290322;4,2258064516129;0,384615384615385;207;82;34;15;
-0,053;GBPUSD;744;SSIStochStrategy;0,29;0,19;30;720;0,2;248;-0,0282;-0,0448000000000004;0,44758064516129;0,451612903225806;-0,000113709677419355;-0,000909677419354839;8;0,230769230769231;42;238;1;9;
-0,0365;GBPUSD;744;SSIStochStrategy;0,17;0,13;120;300;0,21;181;-0,0184;-0,0244999999999997;0,513812154696133;0,469613259668508;-0,000101657458563536;-0,000593548387096773;5,83870967741936;0,307692307692308;153;141;23;16;
-0,0383000000000001;GBPUSD;744;SSIStochStrategy;0,25;0,15;180;420;0,18;129;-0,0254000000000001;-0,0332000000000001;0,542635658914729;0,426356589147287;-0,000196899224806202;-0,00081935483870968;4,16129032258065;0,307692307692308;173;88;12;29;
-0,0300999999999995;GBPUSD;744;SSIStochStrategy;0,04;0,21;30;780;0,05;259;-0,00419999999999954;-0,0195999999999994;0,447876447876448;0,459459459459459;-1,62162162162144E-05;-0,000135483870967727;8,35483870967742;0,307692307692308;20;114;74;71;
-0,0275999999999997;GBPUSD;744;SSIStochStrategy;0,14;0,18;60;960;0,28;151;-0,0124999999999997;-0,0261999999999998;0,483443708609272;0,47682119205298;-8,27814569536406E-05;-0,000403225806451604;4,87096774193548;0,461538461538462;57;131;15;4;
-0,0607000000000012;GBPUSD;744;SSIStochStrategy;0,2;0,08;30;1080;0,09;212;-0,0395000000000012;-0,0395000000000012;0,485849056603774;0,405660377358491;-0,000186320754716987;-0,00127419354838714;6,83870967741936;0,153846153846154;43;178;3;30;
-0,0720999999999992;GBPUSD;744;SSIStochStrategy;0,3;0,1;60;600;0,26;187;-0,0533999999999992;-0,0533999999999992;0,491978609625668;0,417112299465241;-0,000285561497326199;-0,00172258064516127;6,03225806451613;0,230769230769231;101;176;2;8;
-0,0964000000000008;GBPUSD;744;SSIStochStrategy;0,12;0,13;210;240;0,05;288;-0,0676000000000008;-0,0702000000000007;0,548611111111111;0,260416666666667;-0,000234722222222225;-0,00218064516129035;9,29032258064516;0,153846153846154;87;38;50;199;
-0,0698000000000007;GBPUSD;744;SSIStochStrategy;0,3;0,08;180;300;0,14;157;-0,0541000000000007;-0,0575000000000006;0,535031847133758;0,414012738853503;-0,000344585987261151;-0,0017451612903226;5,06451612903226;0,461538461538462;193;102;5;49;
-0,0436999999999985;GBPUSD;744;SSIStochStrategy;0,24;0,07;90;780;0,11;157;-0,0279999999999985;-0,0324999999999991;0,509554140127389;0,420382165605096;-0,000178343949044576;-0,000903225806451564;5,06451612903226;0,307692307692308;143;110;5;41;
-0,0612000000000018;GBPUSD;744;SSIStochStrategy;0,05;0,15;180;60;0,13;370;-0,0242000000000018;-0,0331000000000015;0,47027027027027;0,616216216216216;-6,54054054054102E-05;-0,00078064516129038;11,9354838709677;0,416666666666667;108;69;214;86;
-0,069700000000002;GBPUSD;744;SSIStochStrategy;0,14;0,18;30;300;0,15;393;-0,030400000000002;-0,0381000000000018;0,498727735368957;0,427480916030534;-7,73536895674351E-05;-0,000980645161290386;12,6774193548387;0,307692307692308;37;366;11;15;
-0,0499999999999992;GBPUSD;744;SSIStochStrategy;0,09;0,14;180;1080;0,3;101;-0,0398999999999992;-0,0448999999999993;0,455445544554455;0,475247524752475;-0,000395049504950487;-0,00128709677419352;3,25806451612903;0,230769230769231;193;59;33;9;
-0,0375999999999997;GBPUSD;744;SSIStochStrategy;0,23;0,08;150;960;0,16;105;-0,0270999999999997;-0,0280999999999998;0,504761904761905;0,428571428571429;-0,000258095238095235;-0,000874193548387087;3,38709677419355;0,384615384615385;226;76;6;23;
-0,112;GBPUSD;744;SSIStochStrategy;0,16;0,18;120;60;0,02;618;-0,0501999999999998;-0,0514999999999997;0,485436893203884;0,202265372168285;-8,12297734627829E-05;-0,00161935483870967;19,9354838709677;0,166666666666667;45;83;52;482;
-0,0180999999999992;GBPUSD;744;SSIStochStrategy;0,17;0,12;210;1020;0,31;84;-0,00969999999999915;-0,0241999999999993;0,44047619047619;0,44047619047619;-0,00011547619047618;-0,000312903225806424;2,70967741935484;0,583333333333333;238;55;20;8;
-0,0245000000000003;GBPUSD;744;SSIStochStrategy;0,07;0,21;60;900;0,17;171;-0,0074000000000003;-0,0208999999999999;0,426900584795322;0,508771929824561;-4,32748538011713E-05;-0,000238709677419364;5,51612903225806;0,333333333333333;67;115;44;11;
-0,0263;GBPUSD;744;SSIStochStrategy;0,17;0,13;180;1020;0,2;100;-0,0163;-0,0224999999999997;0,47;0,47;-0,000163;-0,000525806451612903;3,2258064516129;0,416666666666667;225;65;18;17;
-0,0498000000000003;GBPUSD;744;SSIStochStrategy;0,2;0,12;90;780;0,09;161;-0,0337000000000003;-0,0337000000000003;0,490683229813665;0,372670807453416;-0,000209316770186337;-0,00108709677419356;5,19354838709677;0,307692307692308;103;101;9;50;
0,0137000000000004;GBPUSD;744;SSIStochStrategy;0,15;0,19;210;780;0,13;113;0,0250000000000004;-0,00759999999999916;0,47787610619469;0,495575221238938;0,0002212389380531;0,000806451612903237;3,64516129032258;0,461538461538462;188;42;37;34;
-0,0536999999999995;GBPUSD;744;SSIStochStrategy;0,13;0,15;30;480;0,04;373;-0,0163999999999995;-0,0239999999999996;0,53083109919571;0,367292225201072;-4,39678284182293E-05;-0,000529032258064501;12,0322580645161;0,307692307692308;23;224;22;126;
-0,0719999999999989;GBPUSD;744;SSIStochStrategy;0,17;0,16;120;480;0,29;160;-0,0559999999999989;-0,0605999999999989;0,5375;0,425;-0,000349999999999993;-0,00180645161290319;5,16129032258065;0,230769230769231;145;130;19;10;
-0,0562000000000007;GBPUSD;744;SSIStochStrategy;0,14;0,21;90;540;0,14;179;-0,0383000000000007;-0,0534000000000003;0,486033519553073;0,396648044692737;-0,000213966480446931;-0,00123548387096776;5,7741935483871;0,230769230769231;112;131;18;29;
-0,0235000000000006;GBPUSD;744;SSIStochStrategy;0,26;0,14;210;420;0,25;111;-0,0124000000000006;-0,0281000000000007;0,504504504504504;0,45045045045045;-0,000111711711711717;-0,00040000000000002;3,58064516129032;0,307692307692308;241;86;9;15;
-0,0377000000000001;GBPUSD;744;SSIStochStrategy;0,22;0,16;120;120;0,31;227;-0,0150000000000001;-0,0162000000000002;0,519823788546256;0,484581497797357;-6,60792951541856E-05;-0,00048387096774194;7,32258064516129;0,5;147;194;20;12;
-0,0466999999999997;GBPUSD;744;SSIStochStrategy;0,16;0,15;120;360;0,18;176;-0,0290999999999997;-0,0410999999999999;0,528409090909091;0,454545454545455;-0,000165340909090907;-0,000938709677419345;5,67741935483871;0,307692307692308;166;129;21;25;
-0,0412999999999992;GBPUSD;744;SSIStochStrategy;0,02;0,09;210;300;0,29;284;-0,0128999999999992;-0,0206999999999993;0,563380281690141;0,809859154929578;-4,54225352112649E-05;-0,00041612903225804;9,16129032258064;0,461538461538462;109;38;229;16;
-0,0466000000000005;GBPUSD;744;SSIStochStrategy;0,1;0,18;150;180;0,22;209;-0,0257000000000005;-0,0344000000000011;0,526315789473684;0,507177033492823;-0,000122966507177036;-0,000829032258064532;6,74193548387097;0,5;150;122;60;26;
-0,0144999999999986;GBPUSD;744;SSIStochStrategy;0,19;0,21;120;720;0,13;140;-0,000499999999998613;-0,0180999999999987;0,471428571428571;0,464285714285714;-3,57142857141866E-06;-1,61290322580198E-05;4,51612903225806;0,461538461538462;164;100;12;27;
-0,0220000000000012;GBPUSD;744;SSIStochStrategy;0,06;0,2;150;60;0,27;288;0,00679999999999881;-0,0135000000000005;0,493055555555556;0,614583333333333;2,3611111111107E-05;0,000219354838709639;9,29032258064516;0,666666666666667;134;119;149;19;
-0,0201000000000014;GBPUSD;744;SSIStochStrategy;0,28;0,17;90;780;0,12;149;-0,00520000000000143;-0,0210000000000012;0,483221476510067;0,456375838926175;-3,489932885907E-05;-0,000167741935483917;4,80645161290323;0,307692307692308;120;117;3;28;
-0,0338000000000012;GBPUSD;744;SSIStochStrategy;0,2;0,19;150;540;0,14;141;-0,0197000000000012;-0,0373000000000003;0,49645390070922;0,418439716312057;-0,000139716312056746;-0,000635483870967779;4,54838709677419;0,307692307692308;165;95;14;31;
-0,0743999999999997;GBPUSD;744;SSIStochStrategy;0,27;0,11;210;720;0,02;234;-0,0509999999999997;-0,0509999999999997;0,491452991452991;0,123931623931624;-0,000217948717948717;-0,00164516129032257;7,54838709677419;0,230769230769231;63;24;8;201;
-0,0578999999999995;GBPUSD;744;SSIStochStrategy;0,25;0,21;210;420;0,06;171;-0,0407999999999995;-0,0511999999999992;0,526315789473684;0,245614035087719;-0,000238596491228067;-0,00131612903225805;5,51612903225806;0,384615384615385;139;44;14;113;
-0,063699999999999;GBPUSD;744;SSIStochStrategy;0,3;0,14;180;540;0,23;120;-0,051699999999999;-0,053199999999999;0,508333333333333;0,383333333333333;-0,000430833333333325;-0,00166774193548384;3,87096774193548;0,307692307692308;207;95;4;21;
-0,0372999999999999;GBPUSD;744;SSIStochStrategy;0,31;0,13;90;300;0,29;207;-0,0165999999999999;-0,0247999999999999;0,51207729468599;0,483091787439614;-8,01932367149756E-05;-0,00053548387096774;6,67741935483871;0,461538461538462;127;195;4;7;
-0,0165999999999991;GBPUSD;744;SSIStochStrategy;0,12;0,2;150;1140;0,17;104;-0,0061999999999991;-0,0219999999999991;0,375;0,461538461538462;-5,96153846153759E-05;-0,000199999999999971;3,35483870967742;0,5;195;57;26;20;
-0,0812999999999983;GBPUSD;744;SSIStochStrategy;0,13;0,17;60;120;0,18;376;-0,0436999999999983;-0,0454999999999988;0,518617021276596;0,452127659574468;-0,000116223404255315;-0,00140967741935478;12,1290322580645;0,5;77;318;36;22;
-0,0413;GBPUSD;744;SSIStochStrategy;0,04;0,2;210;540;0,26;170;-0,0243;-0,0334000000000003;0,464705882352941;0,647058823529412;-0,000142941176470588;-0,000783870967741935;5,48387096774194;0,307692307692308;153;50;105;14;
-0,0632000000000002;GBPUSD;744;SSIStochStrategy;0,03;0,19;30;420;0,23;412;-0,0220000000000002;-0,0351999999999995;0,495145631067961;0,514563106796117;-5,33980582524278E-05;-0,000709677419354847;13,2903225806452;0,307692307692308;36;236;172;4;
-0,0391000000000009;GBPUSD;744;SSIStochStrategy;0,3;0,12;90;780;0,27;146;-0,0245000000000009;-0,0275000000000007;0,472602739726027;0,410958904109589;-0,000167808219178088;-0,000790322580645189;4,70967741935484;0,384615384615385;121;134;5;7;
-0,0878000000000012;GBPUSD;744;SSIStochStrategy;0,27;0,18;30;240;0,22;439;-0,0439000000000012;-0,0519000000000009;0,510250569476082;0,425968109339408;-0,000100000000000003;-0,0014161290322581;14,1612903225806;0,307692307692308;42;429;1;8;
-0,0679999999999999;GBPUSD;744;SSIStochStrategy;0,16;0,15;60;360;0,06;292;-0,0387999999999999;-0,0475999999999996;0,527397260273973;0,38013698630137;-0,000132876712328767;-0,0012516129032258;9,41935483870968;0,384615384615385;63;177;13;102;
-0,0395000000000003;GBPUSD;744;SSIStochStrategy;0,08;0,16;60;1140;0,26;142;-0,0253000000000003;-0,0340000000000003;0,429577464788732;0,401408450704225;-0,000178169014084509;-0,000816129032258075;4,58064516129032;0,307692307692308;54;110;27;4;
-0,0409000000000005;GBPUSD;744;SSIStochStrategy;0,19;0,2;120;180;0,23;209;-0,0200000000000005;-0,0250000000000006;0,526315789473684;0,497607655502392;-9,56937799043084E-05;-0,000645161290322596;6,74193548387097;0,25;148;170;22;16;
-0,0195000000000002;GBPUSD;744;SSIStochStrategy;0,24;0,2;150;1020;0,28;96;-0,00990000000000024;-0,0277000000000001;0,427083333333333;0,479166666666667;-0,000103125000000003;-0,000319354838709685;3,09677419354839;0,416666666666667;228;78;7;10;
-0,0643000000000002;GBPUSD;744;SSIStochStrategy;0,06;0,08;210;360;0,04;322;-0,0321000000000002;-0,0336000000000005;0,521739130434783;0,375776397515528;-9,96894409937896E-05;-0,00103548387096775;10,3870967741935;0,384615384615385;69;16;112;193;
-0,0870000000000006;GBPUSD;744;SSIStochStrategy;0,2;0,17;60;300;0,07;303;-0,0567000000000006;-0,0635000000000003;0,495049504950495;0,343234323432343;-0,000187128712871289;-0,00182903225806454;9,7741935483871;0,153846153846154;55;195;6;102;
-0,063199999999999;GBPUSD;744;SSIStochStrategy;0,14;0,08;120;720;0,19;137;-0,049499999999999;-0,051199999999999;0,503649635036496;0,401459854014599;-0,000361313868613131;-0,00159677419354835;4,41935483870968;0,307692307692308;156;90;21;25;
-0,0733999999999976;GBPUSD;744;SSIStochStrategy;0,05;0,19;210;360;0,18;211;-0,0522999999999976;-0,0560999999999974;0,535545023696682;0,563981042654028;-0,000247867298578188;-0,00168709677419347;6,80645161290323;0,25;161;55;113;42;
-0,0115999999999988;GBPUSD;744;SSIStochStrategy;0,14;0,21;150;1020;0,17;110;-0,000599999999998824;-0,0150999999999994;0,418181818181818;0,527272727272727;-5,45454545453476E-06;-1,93548387096395E-05;3,54838709677419;0,583333333333333;197;66;24;19;
-0,0216999999999997;GBPUSD;744;SSIStochStrategy;0,2;0,22;60;960;0,3;148;-0,00689999999999968;-0,0118999999999994;0,459459459459459;0,493243243243243;-4,66216216216195E-05;-0,00022258064516128;4,7741935483871;0,583333333333333;79;140;4;3;
-0,0444999999999991;GBPUSD;744;SSIStochStrategy;0,3;0,08;120;1080;0,22;102;-0,0342999999999991;-0,0357999999999992;0,480392156862745;0,401960784313726;-0,000336274509803913;-0,0011064516129032;3,29032258064516;0,230769230769231;161;86;3;12;
-0,027400000000001;GBPUSD;744;SSIStochStrategy;0,27;0,17;60;840;0,23;166;-0,010800000000001;-0,0201000000000013;0,475903614457831;0,481927710843373;-6,50602409638616E-05;-0,000348387096774227;5,35483870967742;0,384615384615385;59;157;2;6;
-0,0531000000000011;GBPUSD;744;SSIStochStrategy;0,03;0,2;150;420;0,15;268;-0,0263000000000011;-0,0390000000000013;0,496268656716418;0,686567164179104;-9,81343283582131E-05;-0,000848387096774229;8,64516129032258;0,307692307692308;97;44;182;41;
-0,0273000000000016;GBPUSD;744;SSIStochStrategy;0,22;0,14;210;840;0,06;137;-0,0136000000000016;-0,0279000000000003;0,496350364963504;0,313868613138686;-9,92700729927125E-05;-0,000438709677419407;4,41935483870968;0,5;124;39;14;83;
-0,0662000000000003;GBPUSD;744;SSIStochStrategy;0,15;0,13;60;360;0,23;250;-0,0412000000000003;-0,0423000000000002;0,524;0,44;-0,000164800000000001;-0,00132903225806453;8,06451612903226;0,384615384615385;90;230;14;6;
-0,0152999999999999;GBPUSD;744;SSIStochStrategy;0,19;0,22;60;1020;0,23;146;-0,000699999999999923;-0,0102999999999998;0,458904109589041;0,479452054794521;-4,79452054794468E-06;-2,25806451612878E-05;4,70967741935484;0,583333333333333;79;134;6;5;
-0,0582999999999988;GBPUSD;744;SSIStochStrategy;0,22;0,12;60;600;0,2;194;-0,0388999999999988;-0,0388999999999988;0,5;0,407216494845361;-0,00020051546391752;-0,00125483870967738;6,25806451612903;0,307692307692308;99;173;5;15;
-0,043;GBPUSD;744;SSIStochStrategy;0,21;0,19;180;180;0,04;286;-0,0144;-0,0297000000000003;0,486013986013986;0,276223776223776;-5,03496503496502E-05;-0,000464516129032257;9,2258064516129;0,416666666666667;92;64;27;194;
-0,0247999999999989;GBPUSD;744;SSIStochStrategy;0,05;0,19;90;1080;0,18;146;-0,0101999999999989;-0,026799999999999;0,417808219178082;0,582191780821918;-6,98630136986224E-05;-0,00032903225806448;4,70967741935484;0,333333333333333;99;67;64;14;
-0,198800000000004;GBPUSD;744;SSIStochStrategy;0,18;0,18;120;60;0,01;997;-0,0991000000000042;-0,100600000000004;0,523570712136409;0,0962888665997994;-9,93981945837555E-05;-0,00319677419354852;32,1612903225806;0,166666666666667;24;64;32;900;
-0,0596000000000003;GBPUSD;744;SSIStochStrategy;0,19;0,13;150;180;0,1;217;-0,0379000000000003;-0,0385000000000006;0,502304147465438;0,419354838709677;-0,000174654377880186;-0,0012225806451613;7;0,416666666666667;142;108;28;80;
-0,0507999999999994;GBPUSD;744;SSIStochStrategy;0,3;0,07;120;1140;0,12;107;-0,0400999999999994;-0,0400999999999994;0,476635514018692;0,383177570093458;-0,000374766355140181;-0,00129354838709675;3,45161290322581;0,307692307692308;144;71;3;32;
-0,0766999999999995;GBPUSD;744;SSIStochStrategy;0,26;0,18;90;180;0,04;363;-0,0403999999999995;-0,0522999999999991;0,49862258953168;0,319559228650138;-0,000111294765840219;-0,0013032258064516;11,7096774193548;0,307692307692308;61;142;9;211;
-0,0299999999999991;GBPUSD;744;SSIStochStrategy;0,12;0,15;180;900;0,19;116;-0,0183999999999991;-0,027299999999999;0,517241379310345;0,5;-0,000158620689655165;-0,000593548387096745;3,74193548387097;0,538461538461538;203;61;34;21;
-0,0464000000000013;GBPUSD;744;SSIStochStrategy;0,15;0,19;150;240;0,11;215;-0,0249000000000013;-0,0337000000000012;0,534883720930233;0,404651162790698;-0,000115813953488378;-0,000803225806451653;6,93548387096774;0,333333333333333;156;104;40;70;
-0,0394000000000009;GBPUSD;744;SSIStochStrategy;0,29;0,14;210;180;0,15;151;-0,0243000000000009;-0,0326000000000009;0,516556291390728;0,390728476821192;-0,000160927152317887;-0,000783870967741964;4,87096774193548;0,25;222;93;12;45;
-0,089200000000001;GBPUSD;744;SSIStochStrategy;0,09;0,19;120;360;0,27;194;-0,069800000000001;-0,0786000000000011;0,536082474226804;0,474226804123711;-0,000359793814432995;-0,00225161290322584;6,25806451612903;0,166666666666667;152;125;51;17;
-0,0507000000000017;GBPUSD;744;SSIStochStrategy;0,15;0,2;150;360;0,29;160;-0,0347000000000017;-0,0464000000000016;0,50625;0,44375;-0,000216875000000011;-0,00111935483870973;5,16129032258065;0,333333333333333;196;115;29;15;
-0,0688999999999998;GBPUSD;744;SSIStochStrategy;0,3;0,08;180;600;0,03;225;-0,0463999999999998;-0,0487999999999997;0,493333333333333;0,168888888888889;-0,000206222222222221;-0,00149677419354838;7,25806451612903;0,307692307692308;69;37;5;182;
-0,0312000000000018;GBPUSD;744;SSIStochStrategy;0,15;0,17;90;420;0,23;192;-0,0120000000000018;-0,0207000000000015;0,505208333333333;0,442708333333333;-6,25000000000093E-05;-0,000387096774193606;6,19354838709677;0,230769230769231;112;152;25;15;
-0,0479999999999991;GBPUSD;744;SSIStochStrategy;0,14;0,08;90;1140;0,16;120;-0,0359999999999991;-0,0359999999999991;0,466666666666667;0,441666666666667;-0,000299999999999993;-0,00116129032258062;3,87096774193548;0,384615384615385;121;92;10;17;
-0,0254999999999993;GBPUSD;744;SSIStochStrategy;0,31;0,22;120;1140;0,31;109;-0,0145999999999993;-0,0264999999999995;0,422018348623853;0,467889908256881;-0,000133944954128434;-0,000470967741935461;3,51612903225806;0,25;195;98;3;7;
-0,0800999999999997;GBPUSD;744;SSIStochStrategy;0,09;0,08;150;540;0,07;206;-0,0594999999999997;-0,0594999999999997;0,5;0,37378640776699;-0,000288834951456309;-0,00191935483870967;6,64516129032258;0,307692307692308;97;49;51;105;
-0,0241999999999987;GBPUSD;744;SSIStochStrategy;0,13;0,12;120;1080;0,15;126;-0,0115999999999987;-0,0170999999999992;0,46031746031746;0,507936507936508;-9,20634920634819E-05;-0,000374193548387056;4,06451612903226;0,307692307692308;155;73;26;26;
-0,0710999999999981;GBPUSD;744;SSIStochStrategy;0,23;0,2;150;600;0,01;361;-0,0349999999999981;-0,0474999999999983;0,49584487534626;0,0886426592797784;-9,69529085872525E-05;-0,00112903225806446;11,6451612903226;0,153846153846154;24;26;9;325;
-0,0427999999999994;GBPUSD;744;SSIStochStrategy;0,15;0,08;90;1140;0,1;128;-0,0299999999999994;-0,0299999999999994;0,4765625;0,4296875;-0,000234374999999995;-0,00096774193548385;4,12903225806452;0,461538461538462;110;75;13;39;
-0,0456999999999988;GBPUSD;744;SSIStochStrategy;0,06;0,07;210;180;0,29;207;-0,0249999999999988;-0,0338999999999987;0,550724637681159;0,589371980676328;-0,000120772946859898;-0,000806451612903187;6,67741935483871;0,384615384615385;171;73;113;20;
-0,0684;GBPUSD;744;SSIStochStrategy;0,25;0,12;150;300;0,05;239;-0,0445;-0,0482;0,527196652719665;0,301255230125523;-0,000186192468619247;-0,00143548387096774;7,70967741935484;0,307692307692308;102;76;10;152;
-0,0951999999999986;GBPUSD;744;SSIStochStrategy;0,27;0,09;60;300;0,28;263;-0,0688999999999986;-0,0733999999999984;0,539923954372624;0,418250950570342;-0,000261977186311782;-0,00222258064516125;8,48387096774194;0,307692307692308;101;254;1;8;
-0,0884999999999982;GBPUSD;744;SSIStochStrategy;0,29;0,22;150;360;0,03;295;-0,0589999999999982;-0,0589999999999982;0,542372881355932;0,176271186440678;-0,000199999999999994;-0,00190322580645155;9,51612903225806;0,166666666666667;77;49;7;238;
-0,0631000000000004;GBPUSD;744;SSIStochStrategy;0,18;0,17;210;540;0,03;246;-0,0385000000000004;-0,0435000000000003;0,540650406504065;0,186991869918699;-0,000156504065040652;-0,00124193548387098;7,93548387096774;0,230769230769231;54;26;22;197;
-0,0259000000000006;GBPUSD;744;SSIStochStrategy;0,25;0,19;210;240;0,08;175;-0,00840000000000063;-0,031500000000001;0,525714285714286;0,371428571428571;-4,80000000000036E-05;-0,000270967741935504;5,64516129032258;0,333333333333333;175;72;17;85;
-0,061500000000002;GBPUSD;744;SSIStochStrategy;0,28;0,18;60;660;0,04;236;-0,037900000000002;-0,0510000000000017;0,48728813559322;0,305084745762712;-0,000160593220338992;-0,00122258064516136;7,61290322580645;0,230769230769231;40;105;2;128;
-0,0411999999999993;GBPUSD;744;SSIStochStrategy;0,05;0,17;90;600;0,29;203;-0,0208999999999993;-0,0292999999999997;0,507389162561576;0,527093596059113;-0,000102955665024627;-0,000674193548387073;6,54838709677419;0,384615384615385;77;106;91;6;
-0,0234999999999997;GBPUSD;744;SSIStochStrategy;0,3;0,15;180;600;0,27;110;-0,0124999999999997;-0,0283999999999998;0,5;0,427272727272727;-0,000113636363636361;-0,000403225806451604;3,54838709677419;0,5;164;94;6;10;
-0,0617999999999993;GBPUSD;744;SSIStochStrategy;0,03;0,21;60;300;0,23;370;-0,0247999999999993;-0,0307999999999991;0,540540540540541;0,605405405405405;-6,7027027027025E-05;-0,000799999999999976;11,9354838709677;0,333333333333333;58;157;203;9;
-0,0760000000000005;GBPUSD;744;SSIStochStrategy;0,26;0,2;60;360;0,06;282;-0,0478000000000005;-0,0561000000000003;0,549645390070922;0,354609929078014;-0,000169503546099293;-0,00154193548387098;9,09677419354839;0,166666666666667;65;175;4;103;
-0,0265999999999987;GBPUSD;744;SSIStochStrategy;0,3;0,1;210;420;0,3;107;-0,0158999999999987;-0,0333999999999988;0,467289719626168;0,401869158878505;-0,000148598130841109;-0,000512903225806409;3,45161290322581;0,307692307692308;297;88;9;9;
-0,0269000000000034;GBPUSD;744;SSIStochStrategy;0,21;0,11;90;120;0,18;291;0,00219999999999665;-0,00990000000000135;0,529209621993127;0,463917525773196;7,56013745703316E-06;7,09677419353758E-05;9,38709677419355;0,833333333333333;91;244;18;28;
-0,0574000000000002;GBPUSD;744;SSIStochStrategy;0,22;0,16;180;840;0,03;192;-0,0382000000000002;-0,0404000000000004;0,484375;0,1875;-0,000198958333333335;-0,00123225806451614;6,19354838709677;0,230769230769231;53;29;10;152;
-0,0484999999999986;GBPUSD;744;SSIStochStrategy;0,11;0,09;210;360;0,15;153;-0,0331999999999986;-0,0378999999999989;0,562091503267974;0,470588235294118;-0,000216993464052278;-0,00107096774193544;4,93548387096774;0,230769230769231;222;63;46;43;
-0,0449000000000009;GBPUSD;744;SSIStochStrategy;0,28;0,15;180;780;0,03;190;-0,0259000000000009;-0,0294000000000008;0,505263157894737;0,2;-0,000136315789473689;-0,000835483870967772;6,12903225806452;0,307692307692308;74;31;9;149;
-0,0842999999999989;GBPUSD;744;SSIStochStrategy;0,08;0,09;30;420;0,23;362;-0,0480999999999989;-0,0484999999999989;0,513812154696133;0,406077348066298;-0,000132872928176793;-0,00155161290322577;11,6774193548387;0,230769230769231;46;319;35;7;
-0,0813999999999994;GBPUSD;744;SSIStochStrategy;0,12;0,11;150;1020;0,01;352;-0,0461999999999994;-0,0461999999999994;0,480113636363636;0,0852272727272727;-0,000131249999999998;-0,00149032258064514;11,3548387096774;0,153846153846154;16;11;20;320;
-0,0499000000000014;GBPUSD;744;SSIStochStrategy;0,13;0,1;150;120;0,07;308;-0,0191000000000014;-0,0227000000000008;0,49025974025974;0,405844155844156;-6,20129870129917E-05;-0,000616129032258111;9,93548387096774;0,416666666666667;114;89;69;149;
-0,0649999999999998;GBPUSD;744;SSIStochStrategy;0,26;0,21;90;480;0,03;273;-0,0376999999999998;-0,0455999999999996;0,516483516483517;0,223443223443223;-0,000138095238095238;-0,00121612903225806;8,80645161290323;0,230769230769231;41;70;5;197;
-0,0332999999999991;GBPUSD;744;SSIStochStrategy;0,12;0,15;120;900;0,24;130;-0,0202999999999991;-0,0280999999999996;0,507692307692308;0,453846153846154;-0,000156153846153839;-0,00065483870967739;4,19354838709677;0,384615384615385;169;89;29;11;
-0,0488999999999988;GBPUSD;744;SSIStochStrategy;0,21;0,21;210;360;0,15;136;-0,0352999999999988;-0,0424999999999987;0,536764705882353;0,367647058823529;-0,000259558823529403;-0,00113870967741932;4,38709677419355;0,25;238;78;16;41;
-0,0600000000000002;GBPUSD;744;SSIStochStrategy;0,22;0,18;180;360;0,07;192;-0,0408000000000002;-0,0562000000000005;0,494791666666667;0,28125;-0,000212500000000001;-0,00131612903225807;6,19354838709677;0,153846153846154;109;56;21;114;
-0,0925000000000024;GBPUSD;744;SSIStochStrategy;0,15;0,21;60;60;0,14;437;-0,0488000000000024;-0,0488000000000024;0,517162471395881;0,464530892448513;-0,000111670480549205;-0,00157419354838717;14,0967741935484;0,416666666666667;87;359;29;49;
-0,0327000000000003;GBPUSD;744;SSIStochStrategy;0,1;0,09;180;780;0,13;129;-0,0198000000000003;-0,0249000000000006;0,496124031007752;0,503875968992248;-0,000153488372093025;-0,000638709677419363;4,16129032258065;0,384615384615385;170;47;42;39;
-0,0543999999999994;GBPUSD;744;SSIStochStrategy;0,25;0,13;60;720;0,06;208;-0,0335999999999994;-0,0335999999999994;0,485576923076923;0,370192307692308;-0,000161538461538459;-0,00108387096774192;6,70967741935484;0,230769230769231;72;129;5;73;
-0,0890000000000015;GBPUSD;744;SSIStochStrategy;0,02;0,14;30;240;0,08;601;-0,0289000000000015;-0,0296000000000012;0,535773710482529;0,555740432612313;-4,80865224625649E-05;-0,000932258064516177;19,3870967741935;0,384615384615385;27;223;300;77;
-0,0274999999999977;GBPUSD;744;SSIStochStrategy;0,28;0,19;120;1080;0,18;106;-0,0168999999999977;-0,034399999999998;0,443396226415094;0,481132075471698;-0,000159433962264129;-0,000545161290322506;3,41935483870968;0,333333333333333;192;85;3;17;
-0,0484;GBPUSD;744;SSIStochStrategy;0,07;0,08;150;960;0,12;138;-0,0346;-0,0346;0,507246376811594;0,507246376811594;-0,000250724637681159;-0,00111612903225806;4,45161290322581;0,307692307692308;160;42;52;43;
