Score;Pair;Time;Strategy;takeprofit;threshold;timeout;stochTimeframe;stoploss;positions;profit;drawdown;long;winning;pips/position;pips/day;positions/day;positivedaysratio;meanloss;meanwin;meantrade;stddeviationwin;stddeviationloss;stddeviation;holdtime/positions;hittimeout;hittp;hitsl;
-0,0982999999999986;GBPUSD;912;SSIStochStrategy;0,02;0,18;30;480;0,16;536;-0,0446999999999986;-0,0461999999999989;0,486940298507463;0,583955223880597;-8,33955223880571E-05;-0,00117631578947365;14,1052631578947;0,3125;-0,000852195121951225;0,000415335463258794;-8,62934362934337E-05;0,000118110656085787;0,000787064667734304;0,000798614489653386;24;232;286;17;
-0,0335000000000006;EURUSD;912;SSIStochStrategy;0,05;0,09;60;780;0,09;349;0,0013999999999994;-0,0105000000000008;0,504297994269341;0,584527220630373;4,01146131804986E-06;3,68421052631421E-05;9,18421052631579;0,625;-0,000924060150375928;0,000609313725490186;4,15430267062137E-06;0,000158922596796026;0,000343171930416136;0,000789610173091018;50;61;188;99;
-0,443099999999995;USDJPY;912;SSIStochStrategy;0,02;0,13;30;660;0,27;631;-0,379999999999995;-0,700000000000003;0,516640253565769;0,587955625990491;-0,000602218700475429;-0,00999999999999988;16,6052631578947;0,625;-0,0538260869565218;0,032345013477089;-0,000632279534109809;0,0288718629420372;0,0536021188532473;0,0580372210274359;32;279;348;3;
0,729800000000043;USDJPY;912;SSIStochStrategy;0,07;0,1;90;1080;0,23;202;0,750000000000043;0;0,554455445544555;0,51980198019802;0,00371287128712892;0,0197368421052643;5,31578947368421;0,5625;-0,0848863636363638;0,0782857142857148;0,00388601036269452;0,0554884311041014;0,0793008414231091;0,105579709647565;114;125;70;6;
-0,0472999999999987;EURUSD;912;SSIStochStrategy;0,28;0,12;210;420;0,25;156;-0,0316999999999987;-0,0420999999999985;0,532051282051282;0,461538461538462;-0,00020320512820512;-0,000834210526315756;4,10526315789474;0,2;-0,00203947368421052;0,00171250000000001;-0,000214189189189181;0,00123287575971338;0,00157330350966303;0,00235102077126301;272;97;24;34;
1,18450000000014;USDJPY;912;SSIStochStrategy;0,11;0,09;180;300;0,11;255;1,21000000000014;-0,439999999999898;0,513725490196078;0,486274509803922;0,00474509803921622;0,0318421052631615;6,71052631578947;0,625;-0,116341463414634;0,125161290322582;0,00489878542510176;0,0775479442851406;0,048627809847261;0,137029983858489;169;85;87;82;
-0,0245999999999986;GBPUSD;912;SSIStochStrategy;0,18;0,12;150;1020;0,15;139;-0,0106999999999986;-0,0176999999999996;0,482014388489209;0,431654676258993;-7,6978417266177E-05;-0,000281578947368384;3,65789473684211;0,375;-0,00140958904109588;0,00153666666666668;-8,04511278195383E-05;0,00137634378780239;0,000991355013413269;0,00188238604969669;198;91;18;29;
-0,0341;USDCHF;912;SSIStochStrategy;0,26;0,08;90;600;0,23;208;-0,0133;-0,0239999999999998;0,543269230769231;0,403846153846154;-6,39423076923076E-05;-0,000349999999999999;5,47368421052632;0,5;-0,000844915254237284;0,00102857142857142;-6,58415841584157E-05;0,000791257502570523;0,000740544629816705;0,00119722101264647;125;178;11;18;
-0,355199999999969;USDJPY;912;SSIStochStrategy;0,02;0,13;30;960;0,24;552;-0,299999999999969;-0,620000000000019;0,505434782608696;0,592391304347826;-0,000543478260869509;-0,00789473684210444;14,5263157894737;0,625;-0,0529901960784316;0,0321406727828749;-0,000564971751412371;0,0292673811528703;0,0556016989263;0,0585646022240579;34;241;307;4;
-1,7811000000001;USDJPY;912;SSIStochStrategy;0,26;0,07;150;1140;0,3;111;-1,7700000000001;-1,7700000000001;0,576576576576577;0,432432432432432;-0,0159459459459468;-0,0465789473684236;2,92105263157895;0,3125;-0,121551724137933;0,110000000000001;-0,0166981132075481;0,0875357070000577;0,111336732547118;0,153418417248899;219;100;4;6;
0,000900000000000799;USDCHF;912;SSIStochStrategy;0,14;0,11;180;600;0,18;199;0,0208000000000008;-0,0211999999999992;0,527638190954774;0,547738693467337;0,000104522613065331;0,000547368421052653;5,23684210526316;0,6875;-0,00137701149425287;0,00128990825688074;0,000106122448979596;0,0005926065814607;0,000701509234981579;0,001472906076957;130;63;84;51;
-0,0092999999999974;EURUSD;912;SSIStochStrategy;0,1;0,19;60;1080;0,09;305;0,0212000000000026;0;0,485245901639344;0,534426229508197;6,95081967213198E-05;0,000557894736842172;8,02631578947369;0,6875;-0,000971653543307069;0,00088711656441718;7,31034482758709E-05;0,000446822076455305;0,000774281240262793;0,00110689096571799;64;118;96;90;
-0,0533000000000013;USDCHF;912;SSIStochStrategy;0,06;0,16;60;240;0,26;545;0,00119999999999865;-0,0305000000000004;0,528440366972477;0,581651376146789;2,20183486238284E-06;3,15789473683854E-05;14,3421052631579;0,375;-0,000908095238095243;0,000605362776025236;2,27703984819478E-06;0,000294218117338496;0,000847000978509688;0,000941794955014451;65;253;271;20;
-0,0589999999999997;GBPUSD;912;SSIStochStrategy;0,2;0,09;120;780;0,27;157;-0,0432999999999997;-0,0519999999999994;0,484076433121019;0,439490445859873;-0,000275796178343947;-0,00113947368421052;4,13157894736842;0,25;-0,00164756097560976;0,00133043478260871;-0,000286754966887415;0,00118887406822357;0,0014169897334909;0,00198416497847662;161;132;11;13;
-1,52969999999986;USDJPY;912;SSIStochStrategy;0,27;0,14;60;960;0,09;297;-1,49999999999986;-1,50999999999986;0,538720538720539;0,441077441077441;-0,00505050505050457;-0,0394736842105226;7,81578947368421;0,375;-0,0693333333333336;0,0679389312977114;-0,00533807829181444;0,0743081838983948;0,0429832008528395;0,0908283916795688;91;228;4;64;
-0,345399999999934;USDJPY;912;SSIStochStrategy;0,02;0,09;30;240;0,25;854;-0,259999999999934;-0,919999999999945;0,509367681498829;0,618266978922717;-0,000304449648711867;-0,00684210526315616;22,4736842105263;0,5;-0,0565762711864408;0,0311174242424244;-0,00031591737545557;0,0114349874866578;0,0501740034617941;0,0524852332583671;31;348;502;3;
-0,0443000000000014;USDCHF;912;SSIStochStrategy;0,06;0,08;210;180;0,19;419;-0,0024000000000014;-0,0203000000000002;0,591885441527446;0,701670644391408;-5,72792362768831E-06;-6,3157894736879E-05;11,0263157894737;0,6;-0,0016475;0,000664285714285711;-5,79710144927875E-06;0,000270015116734793;0,000747547378654578;0,00114622472836451;88;50;283;85;
-0,0491000000000011;USDCHF;912;SSIStochStrategy;0,21;0,12;90;540;0,17;268;-0,0223000000000011;-0,0375000000000006;0,514925373134328;0,42910447761194;-8,32089552238847E-05;-0,000586842105263187;7,05263157894737;0,5;-0,00111897810218979;0,00113913043478261;-8,84920634920678E-05;0,000785155277046348;0,000725905711308477;0,00135382560098172;82;172;34;61;
-0,862900000000069;USDJPY;912;SSIStochStrategy;0,09;0,21;180;540;0,06;329;-0,830000000000069;-1,32000000000008;0,541033434650456;0,410334346504559;-0,0025227963525838;-0,0218421052631597;8,6578947368421;0,533333333333333;-0,0796842105263162;0,106;-0,00255384615384637;0,0515421438494037;0,0223819773162977;0,0988391125896771;83;43;112;173;
-0,1017;GBPUSD;912;SSIStochStrategy;0,13;0,09;120;240;0,15;284;-0,0732999999999995;-0,0823999999999994;0,549295774647887;0,429577464788732;-0,000258098591549294;-0,00192894736842104;7,47368421052632;0,25;-0,00145384615384616;0,00125819672131148;-0,0002636690647482;0,000844057352174439;0,00096598459239349;0,00162713396966263;151;165;54;64;
-0,149400000000004;GBPUSD;912;SSIStochStrategy;0,17;0,21;210;420;0,02;489;-0,100500000000004;-0,100500000000004;0,521472392638037;0,116564417177914;-0,000205521472392646;-0,00264473684210537;12,8684210526316;0,1875;-0,00048750000000001;0,00193157894736842;-0,000205521472392646;0,000947787431704561;0,000261284664544106;0,000876149659018974;39;28;31;429;
-0,0136000000000016;EURUSD;912;SSIStochStrategy;0,23;0,09;180;240;0,24;202;0,00659999999999838;-0,00170000000000092;0,504950495049505;0,495049504950495;3,26732673267247E-05;0,000173684210526273;5,31578947368421;0,533333333333333;-0,00166105263157896;0,001644;3,38461538461456E-05;0,000989375560644181;0,00135213630088735;0,00203020349540179;213;126;43;32;
-0,0398999999999988;GBPUSD;912;SSIStochStrategy;0,2;0,21;90;60;0,21;392;-0,000699999999998813;-0,00419999999999998;0,51530612244898;0,487244897959184;-1,78571428571126E-06;-1,84210526315477E-05;10,3157894736842;0,6;-0,00122554347826087;0,00117696335078535;-1,8666666666635E-06;0,00104955397842639;0,00121178530180673;0,0016504776628466;125;335;27;29;
0,0049000000000019;EURUSD;912;SSIStochStrategy;0,23;0,2;120;420;0,17;245;0,0294000000000019;-0,000500000000000167;0,526530612244898;0,518367346938776;0,000120000000000008;0,000773684210526365;6,44736842105263;0,6;-0,00135892857142857;0,00142992125984253;0,000123012552301263;0,00096964275917172;0,00102700618750994;0,00171191178819288;153;154;41;49;
-0,160900000000002;EURUSD;912;SSIStochStrategy;0,15;0,14;180;360;0,01;965;-0,0644000000000016;-0,0724000000000018;0,605181347150259;0,101554404145078;-6,67357512953384E-05;-0,0016947368421053;25,3947368421053;0,133333333333333;-0,000258150289017342;0,00162142857142857;-6,68743509865021E-05;0,000474932863139417;0,000179095480920222;0,00061212505576949;14;21;79;864;
-0,0175999999999998;EURUSD;912;SSIStochStrategy;0,09;0,13;120;600;0,11;296;0,0120000000000002;-0,00719999999999965;0,550675675675676;0,560810810810811;4,05405405405413E-05;0,000315789473684217;7,78947368421053;0,625;-0,00118333333333333;0,000970481927710842;4,10958904109597E-05;0,000285232535084937;0,000790092419749776;0,00120564717077347;101;62;137;96;
-0,0739999999999988;GBPUSD;912;SSIStochStrategy;0,14;0,08;30;720;0,13;349;-0,0390999999999988;-0,0471999999999986;0,501432664756447;0,40974212034384;-0,000112034383954151;-0,00102894736842102;9,18421052631579;0,25;-0,000767222222222222;0,0006923076923077;-0,000121052631578944;0,000704836133619378;0,000723404801043539;0,00101840165260201;45;306;16;26;
-1,97890000000001;USDJPY;912;SSIStochStrategy;0,21;0,21;210;1140;0,07;189;-1,96000000000001;-2,81999999999998;0,523809523809524;0,312169312169312;-0,0103703703703704;-0,0515789473684213;4,97368421052632;0,375;-0,0883200000000007;0,153898305084747;-0,0106521739130435;0,127079542008646;0,0318430149326346;0,136555485997978;149;61;21;106;
-0,13080000000008;USDJPY;912;SSIStochStrategy;0,19;0,07;30;900;0,2;308;-0,10000000000008;-0,330000000000069;0,545454545454545;0,435064935064935;-0,000324675324675583;-0,00263157894737052;8,10526315789474;0,5;-0,0503311258278152;0,0559701492537314;-0,000350877192982735;0,054937133718203;0,0492515803833305;0,0742911510935824;58;296;6;5;
-0,0902999999999272;USDJPY;912;SSIStochStrategy;0,27;0,07;180;1020;0,27;103;-0,0799999999999272;-0,279999999999987;0,553398058252427;0,475728155339806;-0,000776699029125507;-0,00210526315789282;2,71052631578947;0,5;-0,119230769230768;0,124897959183674;-0,000792079207920072;0,115407396377754;0,10412356110089;0,164103825914678;278;90;6;6;
-0,214699999999841;USDJPY;912;SSIStochStrategy;0,21;0,08;60;780;0,13;247;-0,189999999999841;-0,609999999999985;0,534412955465587;0,493927125506073;-0,000769230769230127;-0,00499999999999583;6,5;0,1875;-0,0751282051282053;0,07049180327869;-0,000794979079497244;0,0683871867374506;0,0616249392380605;0,0977005277000374;103;216;7;23;
-0,135899999999999;USDCHF;912;SSIStochStrategy;0,16;0,08;180;480;0,07;372;-0,0986999999999988;-0,0988999999999985;0,631720430107527;0,260752688172043;-0,000265322580645158;-0,0025973684210526;9,78947368421053;0,4375;-0,000885608856088559;0,00145670103092784;-0,000268206521739127;0,000636502559740046;0,000372752178383757;0,00112874740153819;51;36;74;261;
-2,36850000000016;USDJPY;912;SSIStochStrategy;0,3;0,15;210;120;0,25;185;-2,35000000000016;-4,22000000000008;0,535135135135135;0,448648648648649;-0,0127027027027036;-0,0618421052631622;4,86842105263158;0,4;-0,138541666666668;0,131927710843373;-0,0131284916201127;0,108377495455772;0,1178362137201;0,176309910689168;269;156;8;20;
-4,69090000000005;USDJPY;912;SSIStochStrategy;0,27;0,21;210;240;0,04;409;-4,65000000000005;-5,17000000000006;0,515892420537897;0,212713936430318;-0,0113691931540343;-0,122368421052633;10,7631578947368;0,4;-0,057445482866044;0,158505747126438;-0,0113970588235295;0,111875636368905;0,0338544298030586;0,106744422599288;91;77;15;316;
-0,0953999999999961;GBPUSD;912;SSIStochStrategy;0,06;0,11;30;360;0,09;541;-0,0412999999999961;-0,0468999999999957;0,495378927911275;0,44362292051756;-7,6340110905723E-05;-0,00108684210526306;14,2368421052632;0,4375;-0,000746067415730332;0,000657916666666678;-8,1459566074943E-05;0,000428295839798728;0,000585157780785586;0,000870948744657642;39;357;106;77;
-3,52210000000003;USDJPY;912;SSIStochStrategy;0,22;0,2;150;660;0,08;221;-3,50000000000003;-3,50000000000003;0,556561085972851;0,3710407239819;-0,0158371040723983;-0,0921052631578955;5,81578947368421;0,266666666666667;-0,0966165413533842;0,114024390243903;-0,016279069767442;0,102598670605394;0,0547020256122471;0,127804779468332;163;101;15;104;
-0,0203999999999997;USDCHF;912;SSIStochStrategy;0,07;0,19;90;600;0,24;327;0,0123000000000003;-0,0274000000000003;0,532110091743119;0,617737003058104;3,76146788990835E-05;0,000323684210526324;8,60526315789474;0,625;-0,00114137931034483;0,000716336633663368;3,86792452830198E-05;0,000352333726734482;0,00088093494275403;0,00107778343071858;97;124;174;28;
-0,0494999999999997;EURUSD;912;SSIStochStrategy;0,31;0,11;90;60;0,25;403;-0,00919999999999965;-0,0461000000000007;0,508684863523573;0,468982630272953;-2,28287841191058E-05;-0,000242105263157886;10,6052631578947;0,466666666666667;-0,00112850000000001;0,00114550264550265;-2,36503856041122E-05;0,0011559569142313;0,000958403751036069;0,00155345408028988;126;353;17;32;
-0,476399999999959;USDJPY;912;SSIStochStrategy;0,17;0,18;30;480;0,2;564;-0,419999999999959;-1,19999999999996;0,533687943262411;0,448581560283688;-0,000744680851063757;-0,0110526315789463;14,8421052631579;0,533333333333333;-0,0504868913857681;0,0516205533596843;-0,000807692307692229;0,056457881503679;0,0528313231385387;0,0747567950247123;40;545;11;7;
-0,0510000000000009;GBPUSD;912;SSIStochStrategy;0,22;0,09;150;360;0,28;189;-0,0321000000000009;-0,0418000000000005;0,523809523809524;0,46031746031746;-0,000169841269841275;-0,000844736842105287;4,97368421052632;0,375;-0,00162121212121213;0,00147586206896552;-0,000172580645161295;0,00132708006473476;0,0015450326221441;0,0021171473012309;192;154;17;17;
-0,211400000000168;USDJPY;912;SSIStochStrategy;0,21;0,14;90;960;0,19;214;-0,190000000000168;-1,21000000000011;0,532710280373832;0,439252336448598;-0,000887850467290506;-0,00500000000000443;5,63157894736842;0,5625;-0,0909803921568642;0,0967021276595742;-0,000969387755102899;0,10538065042898;0,0773648068634741;0,131271564143521;148;188;11;14;
-0,0323000000000038;GBPUSD;912;SSIStochStrategy;0,22;0,08;150;120;0,15;265;-0,0058000000000038;-0,0190000000000032;0,486792452830189;0,471698113207547;-2,18867924528445E-05;-0,000152631578947468;6,97368421052632;0,466666666666667;-0,00157769230769233;0,00159439999999999;-2,27450980392306E-05;0,00123788878337271;0,00112525316020717;0,00197768737832792;185;176;28;61;
-0,734100000000013;USDJPY;912;SSIStochStrategy;0,22;0,12;150;1080;0,29;141;-0,720000000000013;-1,22999999999996;0,539007092198582;0,475177304964539;-0,0051063829787235;-0,018947368421053;3,71052631578947;0,4375;-0,117746478873241;0,11402985074627;-0,00521739130434792;0,117130615974157;0,107954048428527;0,161479650045144;216;125;9;6;
-1,34119999999977;USDJPY;912;SSIStochStrategy;0,03;0,19;60;960;0,24;412;-1,29999999999977;-2,83999999999979;0,536407766990291;0,614077669902913;-0,00315533980582468;-0,0342105263157834;10,8421052631579;0,533333333333333;-0,0840972222222219;0,0427272727272735;-0,00327455919395408;0,0340551854988398;0,0905876892117713;0,086218384094044;49;167;234;10;
0,0861999999999517;USDJPY;912;SSIStochStrategy;0,29;0,13;180;1140;0,18;138;0,0999999999999517;-0,860000000000014;0,557971014492754;0,434782608695652;0,00072463768115907;0,00263157894736715;3,63157894736842;0,4375;-0,121142857142859;0,143000000000001;0,000769230769230398;0,135760819090045;0,0932974177738334;0,174737673207211;276;106;9;22;
-0,0291000000000012;EURUSD;912;SSIStochStrategy;0,07;0,14;90;780;0,29;255;-0,00360000000000116;-0,0135999999999996;0,545098039215686;0,627450980392157;-1,41176470588281E-05;-9,47368421052936E-05;6,71052631578947;0,375;-0,00141627906976744;0,000738749999999989;-1,46341463414681E-05;0,000264808303306374;0,00156872489066286;0,00140067828672364;110;115;128;11;
-0,0327999999999996;EURUSD;912;SSIStochStrategy;0,13;0,21;180;960;0,28;187;-0,0140999999999996;-0,0204999999999997;0,470588235294118;0,582887700534759;-7,54010695187142E-05;-0,000371052631578936;4,92105263157895;0,5;-0,00205844155844157;0,00132477064220185;-7,58064516129008E-05;0,00051458649352816;0,00176659851084864;0,00205523345746647;155;78;80;28;
0,0029999999999994;EURUSD;912;SSIStochStrategy;0,15;0,17;180;1020;0,31;165;0,0194999999999994;-0,00350000000000028;0,496969696969697;0,624242424242424;0,000118181818181815;0,000513157894736826;4,34210526315789;0,733333333333333;-0,00198225806451613;0,00138252427184466;0,000118181818181815;0,000636499404657479;0,00188607154394699;0,00206039927661203;204;84;64;16;
-0,0780000000000014;USDCHF;912;SSIStochStrategy;0,17;0,14;90;240;0,18;355;-0,0425000000000014;-0,0531000000000008;0,529577464788732;0,433802816901408;-0,000119718309859159;-0,00111842105263162;9,3421052631579;0,266666666666667;-0,00113135135135136;0,00108311688311688;-0,000125368731563426;0,000667696679988908;0,000818562227198076;0,00133562689412883;102;219;62;73;
-0,0061999999999987;EURUSD;912;SSIStochStrategy;0,06;0,09;180;840;0,22;189;0,0127000000000013;-0,0185999999999995;0,497354497354497;0,698412698412698;6,71957671957739E-05;0,000334210526315823;4,97368421052632;0,5625;-0,00150357142857142;0,000734090909090916;6,75531914893684E-05;0,00017313051017576;0,000992825025174258;0,00116699303191252;131;37;127;24;
0,98870000000018;USDJPY;912;SSIStochStrategy;0,03;0,08;210;1140;0,16;213;1,01000000000018;0;0,563380281690141;0,769953051643193;0,00474178403755951;0,0265789473684257;5,60526315789474;0,625;-0,129999999999999;0,0434146341463423;0,00478672985782074;0,0161335517837469;0,0722878407126234;0,0810729413209157;103;28;162;22;
-0,0995999999999997;USDCHF;912;SSIStochStrategy;0,04;0,13;210;780;0,12;400;-0,0595999999999997;-0,0644999999999993;0,5525;0,65;-0,000148999999999999;-0,00156842105263157;10,5263157894737;0,333333333333333;-0,00127769784172662;0,000453846153846155;-0,000149373433583959;8,82774003258154E-05;0,000415879611361771;0,000863688748352707;42;16;259;124;
-1,46710000000003;USDJPY;912;SSIStochStrategy;0,31;0,12;150;600;0,23;171;-1,45000000000003;-2,10000000000001;0,538011695906433;0,450292397660819;-0,00847953216374287;-0,0381578947368429;4,5;0,375;-0,119659090909092;0,117922077922079;-0,00878787878787898;0,121166812805951;0,10944538762278;0,165191488073279;220;149;6;15;
-0,387399999999995;GBPUSD;912;SSIStochStrategy;0,24;0,08;90;240;0,01;1500;-0,237399999999995;-0,237699999999995;0,586;0,062;-0,000158266666666663;-0,00624736842105249;39,4736842105263;0,0625;-0,000257977207977205;0,00134193548387098;-0,000158583834335334;0,00110437279242784;0,000130745874929224;0,000490859808760341;13;86;11;1402;
-0,0778000000000009;USDCHF;912;SSIStochStrategy;0,04;0,21;180;300;0,15;539;-0,0239000000000009;-0,0327000000000006;0,517625231910946;0,732838589981447;-4,43413729128032E-05;-0,000628947368421077;14,1842105263158;0,4375;-0,00148028169014085;0,000471645569620251;-4,45065176908769E-05;0,000255879868865252;0,000526781275483434;0,000928772737241761;54;35;389;114;
-0,597099999999927;USDJPY;912;SSIStochStrategy;0,24;0,18;150;840;0,18;171;-0,579999999999927;-1,1699999999999;0,538011695906433;0,456140350877193;-0,00339181286549665;-0,0152631578947349;4,5;0,333333333333333;-0,116976744186047;0,121538461538462;-0,00353658536585322;0,122171347967925;0,0877373162825798;0,159135407530203;233;134;13;23;
-1,14329999999997;USDJPY;912;SSIStochStrategy;0,06;0,17;60;840;0,27;333;-1,10999999999997;-1,57999999999993;0,531531531531532;0,495495495495495;-0,00333333333333325;-0,0292105263157887;8,76315789473684;0,466666666666667;-0,0748979591836734;0,0600000000000001;-0,00355769230769221;0,0485673540435126;0,0837177583136316;0,0953090613972156;76;237;89;6;
0,295900000000093;USDJPY;912;SSIStochStrategy;0,04;0,12;210;540;0,28;241;0,320000000000093;-0,240000000000009;0,531120331950207;0,713692946058091;0,0013278008298759;0,00842105263158139;6,3421052631579;0,625;-0,14060606060606;0,0558139534883725;0,00134453781512644;0,0404183102726987;0,105110025873017;0,109436481479294;140;64;167;9;
-2,68850000000003;USDJPY;912;SSIStochStrategy;0,29;0,12;150;600;0,11;185;-2,67000000000003;-2,67000000000003;0,524324324324324;0,394594594594595;-0,0144324324324326;-0,0702631578947376;4,86842105263158;0,3125;-0,108942307692308;0,118630136986302;-0,015084745762712;0,0993170524128733;0,0584070311433644;0,13646513448918;167;119;5;60;
-0,1044;USDCHF;912;SSIStochStrategy;0,16;0,17;30;120;0,29;800;-0,0244000000000004;-0,0271000000000006;0,52;0,39125;-3,05000000000005E-05;-0,000642105263157906;21,0526315789474;0,5;-0,0005680387409201;0,000671565495207671;-3,36088154269978E-05;0,000615084432520378;0,000577541989040162;0,000854239101198228;46;747;45;7;
-1,42079999999986;USDJPY;912;SSIStochStrategy;0,22;0,1;150;360;0,16;208;-1,39999999999986;-1,6299999999999;0,514423076923077;0,451923076923077;-0,00673076923076857;-0,0368421052631543;5,47368421052632;0,4375;-0,124907407407407;0,128617021276597;-0,00693069306930626;0,115109578356561;0,0782741546007586;0,159477752719277;203;143;20;44;
-2,51780000000003;USDJPY;912;SSIStochStrategy;0,18;0,22;180;660;0,19;178;-2,50000000000003;-4,26000000000001;0,544943820224719;0,426966292134831;-0,0140449438202249;-0,0657894736842113;4,68421052631579;0,266666666666667;-0,116969696969697;0,119473684210526;-0,0142857142857144;0,113588531862319;0,0912257112598073;0,155068385177742;244;128;23;26;
-0,0280999999999978;EURUSD;912;SSIStochStrategy;0,13;0,15;30;1020;0,1;344;0,00630000000000219;-0,0035999999999996;0,5;0,468023255813953;1,83139534883785E-05;0,000165789473684268;9,05263157894737;0,733333333333333;-0,000704848484848473;0,000761490683229815;1,93251533742399E-05;0,000558732161948082;0,000774503247296918;0,000997617178771282;57;242;45;56;
-0,028499999999996;GBPUSD;912;SSIStochStrategy;0,02;0,08;90;900;0,27;289;0,000400000000003953;-0,0135999999999967;0,525951557093426;0,730103806228374;1,38408304499638E-06;1,05263157895777E-05;7,60526315789474;0,4375;-0,00125066666666667;0,00044644549763035;1,39860139861522E-06;0,000344797722988869;0,00107099621329344;0,000972487691258044;68;81;203;4;
-0,0541;GBPUSD;912;SSIStochStrategy;0,16;0,08;150;840;0,22;140;-0,0401;-0,0470999999999997;0,5;0,414285714285714;-0,000286428571428572;-0,00105526315789474;3,68421052631579;0,25;-0,00163866666666667;0,00142758620689656;-0,000301503759398496;0,00112737000985484;0,00133884460968735;0,00196904560532521;202;98;22;19;
-0,0015999999999979;GBPUSD;912;SSIStochStrategy;0,11;0,16;210;1020;0,23;128;0,0112000000000021;-0,0161999999999987;0,4453125;0,5625;8,75000000000164E-05;0,000294736842105318;3,36842105263158;0,5;-0,00185925925925924;0,00155000000000001;8,88888888889055E-05;0,000939710357267356;0,00132042621044462;0,00202442318738513;228;60;51;16;
-0,0042000000000003;EURUSD;912;SSIStochStrategy;0,05;0,19;90;180;0,18;550;0,0507999999999997;-0,00690000000000035;0,56;0,687272727272727;9,23636363636359E-05;0,00133684210526315;14,4736842105263;0,666666666666667;-0,00120493827160494;0,000650793650793649;9,40740740740736E-05;0,000597801886067738;0,000841134042630004;0,0010888500874921;62;130;357;62;
-0,0208999999999993;GBPUSD;912;SSIStochStrategy;0,2;0,17;120;600;0,1;202;-0,000699999999999257;-0,0124999999999991;0,485148514851485;0,47029702970297;-3,46534653464979E-06;-1,84210526315594E-05;5,31578947368421;0,375;-0,00122761904761905;0,00134947368421054;-3,49999999999628E-06;0,00132925572243389;0,000707711972364228;0,00166085452403274;135;123;21;57;
-0,0260000000000009;USDCHF;912;SSIStochStrategy;0,19;0,17;150;780;0,18;208;-0,00520000000000087;-0,0325000000000001;0,495192307692308;0,485576923076923;-2,50000000000042E-05;-0,000136842105263181;5,47368421052632;0,625;-0,001442;0,00137623762376237;-2,58706467661735E-05;0,000857367432220269;0,000689083449228035;0,0016097116218925;138;95;53;59;
0,0141999999999991;EURUSD;912;SSIStochStrategy;0,08;0,18;180;720;0,24;241;0,0382999999999991;-0,00609999999999933;0,556016597510373;0,70954356846473;0,000158921161825722;0,00100789473684208;6,3421052631579;0,666666666666667;-0,00178656716417911;0,000923976608187131;0,000160924369747895;0,000232852837425845;0,00149005614663202;0,00146629728123909;120;57;155;28;
0,000899999999999901;USDCHF;912;SSIStochStrategy;0,11;0,08;210;840;0,24;161;0,0169999999999999;-0,00430000000000041;0,546583850931677;0,652173913043478;0,000105590062111801;0,000447368421052629;4,23684210526316;0,5625;-0,00178888888888889;0,00108190476190476;0,00010691823899371;0,000477848541930323;0,000861236550003373;0,00150036136095306;192;42;89;29;
-0,179099999999995;GBPUSD;912;SSIStochStrategy;0,06;0,13;120;480;0,02;707;-0,108399999999995;-0,109999999999996;0,527581329561528;0,203677510608204;-0,000153323903818946;-0,00285263157894724;18,6052631578947;0,125;-0,000440569395017791;0,000966666666666691;-0,000153541076487245;0,000222984802670994;0,000120608022147775;0,000585877404666345;16;21;129;556;
-0,0137;EURUSD;912;SSIStochStrategy;0,29;0,11;180;900;0,21;136;-9,9999999999989E-05;-0,0121000000000009;0,455882352941176;0,514705882352941;-7,35294117646978E-07;-2,63157894736813E-06;3,57894736842105;0,375;-0,00165625;0,00151285714285714;-7,46268656716336E-07;0,00120141837943699;0,0013212062433625;0,00202324168249117;245;89;18;28;
-0,0924999999999993;GBPUSD;912;SSIStochStrategy;0,28;0,19;30;240;0,12;560;-0,0364999999999993;-0,055600000000001;0,510714285714286;0,423214285714286;-6,51785714285702E-05;-0,000960526315789456;14,7368421052632;0,266666666666667;-0,000716845878136203;0,000689873417721525;-7,07364341085258E-05;0,0008006213204411;0,000667286873799695;0,00101321512228223;48;524;2;33;
-0,340100000000005;USDCHF;912;SSIStochStrategy;0,17;0,11;120;360;0,03;957;-0,244400000000005;-0,247600000000005;0,606060606060606;0,106583072100313;-0,000255381400208992;-0,00643157894736856;25,1842105263158;0,0666666666666667;-0,000459037558685452;0,00143823529411765;-0,000256184486373171;0,000659626174234102;0,000356430548183716;0,00070971730245425;20;38;70;848;
-0,0222999999999991;EURUSD;912;SSIStochStrategy;0,29;0,19;120;240;0,18;266;0,00430000000000086;-0,0108999999999997;0,515037593984962;0,507518796992481;1,61654135338378E-05;0,000113157894736865;7;0,533333333333333;-0,0014008;0,00132888888888889;1,65384615384648E-05;0,00127109557100057;0,00107818336102911;0,00180494926906695;154;188;20;57;
-3,12719999999989;USDJPY;912;SSIStochStrategy;0,3;0,19;60;540;0,07;372;-3,08999999999989;-3,08999999999989;0,524193548387097;0,416666666666667;-0,00830645161290293;-0,0813157894736813;9,78947368421053;0,4;-0,0652475247524753;0,0650967741935492;-0,00865546218487364;0,0666756012049827;0,0359618626211165;0,0826784568800687;50;261;3;107;
-1,97069999999997;USDJPY;912;SSIStochStrategy;0,27;0,18;60;960;0,08;307;-1,93999999999997;-1,96999999999997;0,537459283387622;0,403908794788274;-0,00631921824104224;-0,0510526315789466;8,07894736842105;0,266666666666667;-0,0649068322981368;0,068629032258065;-0,00680701754385954;0,0757471885714761;0,0417344163265137;0,0886743378682252;80;231;3;72;
-0,0342999999999991;GBPUSD;912;SSIStochStrategy;0,16;0,08;180;900;0,28;119;-0,0223999999999991;-0,0283999999999986;0,504201680672269;0,46218487394958;-0,000188235294117639;-0,000589473684210502;3,13157894736842;0,375;-0,00185689655172414;0,00155090909090911;-0,000198230088495567;0,00114381701131428;0,00153545590993928;0,00217902236343129;226;85;23;10;
-0,0462999999999981;GBPUSD;912;SSIStochStrategy;0,22;0,11;30;1020;0,24;286;-0,0176999999999981;-0,0236999999999978;0,472027972027972;0,437062937062937;-6,18881118881051E-05;-0,000465789473684159;7,52631578947368;0,4375;-0,000810563380281693;0,000779200000000019;-6,62921348314534E-05;0,000984950435301187;0,000849250518496186;0,00121120954992655;29;275;5;5;
-0,0307000000000008;USDCHF;912;SSIStochStrategy;0,1;0,21;90;960;0,28;258;-0,00490000000000079;-0,0253999999999999;0,48062015503876;0,546511627906977;-1,89922480620186E-05;-0,000128947368421073;6,78947368421053;0,5;-0,00118333333333333;0,000871631205673754;-1,96787148594409E-05;0,000401826722673554;0,00110725720522311;0,00128855570325473;110;139;100;18;
-1,65949999999988;USDJPY;912;SSIStochStrategy;0,3;0,12;120;180;0,12;295;-1,62999999999988;-2,59999999999991;0,508474576271186;0,406779661016949;-0,00552542372881316;-0,0428947368421022;7,76315789473684;0,5;-0,100503144654088;0,119583333333334;-0,00584229390680961;0,104629471894342;0,0598719676128525;0,136470841358052;141;213;8;73;
-0,0315999999999997;EURUSD;912;SSIStochStrategy;0,3;0,1;180;540;0,15;168;-0,0147999999999997;-0,0260000000000002;0,511904761904762;0,416666666666667;-8,80952380952363E-05;-0,000389473684210518;4,42105263157895;0,25;-0,00142783505154639;0,00176714285714286;-8,86227544910162E-05;0,00121910053828589;0,00102943706647029;0,00192970535933688;212;91;18;58;
-0,0840999999999998;GBPUSD;912;SSIStochStrategy;0,04;0,17;150;180;0,13;416;-0,0424999999999998;-0,0524999999999987;0,514423076923077;0,629807692307692;-0,000102163461538461;-0,00111842105263157;10,9473684210526;0,466666666666667;-0,00154635761589405;0,000729007633587792;-0,000102905569007263;0,00021772191438345;0,000782065090568362;0,00120603457774024;92;80;249;86;
-0,0242999999999993;EURUSD;912;SSIStochStrategy;0,12;0,12;60;420;0,15;324;0,00810000000000066;-0,00660000000000038;0,54320987654321;0,518518518518518;2,5000000000002E-05;0,00021315789473686;8,52631578947369;0,533333333333333;-0,00107720588235294;0,000920238095238098;2,66447368421074E-05;0,000545278382791063;0,000944252498615645;0,0012448237267301;99;197;78;48;
-0,088300000000001;USDCHF;912;SSIStochStrategy;0,2;0,12;30;240;0,25;600;-0,028300000000001;-0,0364000000000011;0,5;0,388333333333333;-4,71666666666683E-05;-0,000744736842105289;15,7894736842105;0,333333333333333;-0,000581761006289311;0,000672532188841202;-5,13611615245027E-05;0,000563268382232755;0,000584372516875573;0,000845696352994372;52;573;17;9;
-0,0338000000000002;GBPUSD;912;SSIStochStrategy;0,25;0,1;150;120;0,22;236;-0,0102000000000002;-0,0251000000000003;0,525423728813559;0,457627118644068;-4,32203389830517E-05;-0,000268421052631584;6,21052631578947;0,4;-0,001500826446281;0,00158703703703704;-4,45414847161581E-05;0,00133992071300759;0,00127813758282233;0,00202137667306036;208;193;18;24;
-1,03009999999978;USDJPY;912;SSIStochStrategy;0,05;0,16;60;540;0,16;401;-0,989999999999782;-0,989999999999782;0,546134663341646;0,536159600997506;-0,00246882793017402;-0,0260526315789416;10,5526315789474;0,4;-0,0779166666666665;0,0562790697674428;-0,00258485639686627;0,0415973643962694;0,0680498256415201;0,0862375883856157;60;234;143;23;
-1,94090000000002;USDJPY;912;SSIStochStrategy;0,11;0,11;30;780;0,2;409;-1,90000000000002;-1,90000000000002;0,535452322738386;0,425427872860636;-0,00464547677261619;-0,0500000000000005;10,7631578947368;0,4375;-0,0511675126903558;0,0470114942528739;-0,00512129380053914;0,0410666669240396;0,049629667732053;0,0670774091539865;43;386;17;6;
-0,0262000000000017;EURUSD;912;SSIStochStrategy;0,04;0,1;60;480;0,24;379;0,0116999999999983;-0,00870000000000126;0,538258575197889;0,678100263852243;3,08707124010508E-05;0,00030789473684206;9,97368421052632;0,625;-0,00110458715596329;0,000514007782101154;3,19672131147494E-05;0,000161577486012538;0,00090486811052755;0,000900024261370851;62;123;239;16;
-3,09410000000011;USDJPY;912;SSIStochStrategy;0,21;0,14;210;660;0,31;141;-3,08000000000011;-3,08000000000011;0,531914893617021;0,375886524822695;-0,0218439716312065;-0,0810526315789503;3,71052631578947;0,3125;-0,129750000000001;0,137735849056604;-0,0231578947368429;0,112847225318193;0,12036377154277;0,175894570357593;289;114;17;9;
0,0133000000000008;GBPUSD;912;SSIStochStrategy;0,14;0,21;210;1020;0,27;116;0,0249000000000008;-0,00619999999999976;0,413793103448276;0,517241379310345;0,0002146551724138;0,000655263157894758;3,05263157894737;0,666666666666667;-0,00155294117647058;0,001735;0,000224324324324332;0,000889349012855277;0,00152718540821002;0,00204548354230504;262;65;40;10;
-2,70259999999993;USDJPY;912;SSIStochStrategy;0,28;0,1;120;120;0,04;526;-2,64999999999993;-2,75999999999992;0,492395437262357;0,287072243346008;-0,00503802281368809;-0,0697368421052614;13,8421052631579;0,266666666666667;-0,052330623306233;0,110331125827815;-0,00509615384615372;0,0926963083810464;0,0110915949960901;0,0896359645402067;78;160;9;356;
-3,83140000000008;USDJPY;912;SSIStochStrategy;0,11;0,19;210;960;0,04;314;-3,80000000000008;-3,80000000000008;0,563694267515924;0,219745222929936;-0,0121019108280257;-0,100000000000002;8,26315789473684;0,266666666666667;-0,0538271604938274;0,134492753623188;-0,0121794871794874;0,0930409950456479;0,0169653169247428;0,0908139466852837;81;29;53;231;
-1,80979999999999;USDJPY;912;SSIStochStrategy;0,18;0,09;210;540;0,04;298;-1,77999999999999;-1,78999999999998;0,563758389261745;0,221476510067114;-0,00597315436241606;-0,0468421052631576;7,8421052631579;0,3125;-0,0511304347826088;0,151212121212122;-0,00601351351351347;0,105751497611219;0,00826361510439458;0,0981844641813266;122;45;30;222;
-0,0508999999999973;EURUSD;912;SSIStochStrategy;0,04;0,2;210;840;0,06;487;-0,00219999999999732;-0,00459999999999683;0,519507186858316;0,595482546201232;-4,51745379876245E-06;-5,78947368420346E-05;12,8157894736842;0,5;-0,000807653061224489;0,000538275862068974;-4,52674897118789E-06;0,000126833286328189;0,000596154857673214;0,000767377610718901;30;2;289;195;
-0,020800000000003;EURUSD;912;SSIStochStrategy;0,04;0,08;180;540;0,21;297;0,00889999999999702;-0,0111000000000019;0,525252525252525;0,764309764309764;2,99663299663199E-05;0,000234210526315711;7,81578947368421;0,625;-0,00164492753623189;0,000539207048458137;3,00675675675575E-05;0,000142059385558331;0,000890779862179735;0,00102628034512309;89;35;224;37;
-0,0400999999999987;EURUSD;912;SSIStochStrategy;0,19;0,12;150;300;0,14;246;-0,0154999999999987;-0,0209999999999988;0,524390243902439;0,467479674796748;-6,30081300812957E-05;-0,000407894736842072;6,47368421052632;0,533333333333333;-0,00144961240310077;0,00149130434782609;-6,35245901639293E-05;0,000795264814237174;0,000871435066183857;0,00168958401230635;163;99;56;90;
-0,0881999999999979;GBPUSD;912;SSIStochStrategy;0,22;0,16;60;180;0,23;408;-0,0473999999999979;-0,0501999999999978;0,5;0,446078431372549;-0,00011617647058823;-0,00124736842105258;10,7368421052632;0,333333333333333;-0,00101374407582939;0,000914835164835186;-0,000120610687022895;0,00089917527858621;0,000999170609088765;0,00135470441593076;77;379;12;16;
-1,6368;USDJPY;912;SSIStochStrategy;0,18;0,17;150;1020;0,19;168;-1,62;-2,17999999999999;0,529761904761905;0,43452380952381;-0,00964285714285717;-0,0426315789473685;4,42105263157895;0,375;-0,111136363636364;0,111780821917809;-0,0100621118012423;0,113769081985234;0,0898538183812229;0,150322621557975;213;128;19;20;
-0,132499999999999;GBPUSD;912;SSIStochStrategy;0,12;0,14;60;1140;0,02;393;-0,0931999999999988;-0,0936999999999986;0,442748091603053;0,147582697201018;-0,00023715012722646;-0,00245263157894734;10,3421052631579;0;-0,000446107784431132;0,000962068965517227;-0,000237755102040813;0,000730334733413358;0,000223539438574234;0,000609493819111552;24;52;17;323;
-2,25319999999991;USDJPY;912;SSIStochStrategy;0,25;0,19;90;1140;0,04;332;-2,21999999999991;-2,21999999999993;0,569277108433735;0,307228915662651;-0,00668674698795155;-0,0584210526315767;8,73684210526316;0,1875;-0,0516964285714284;0,0917647058823535;-0,00680981595091998;0,102358575459077;0,0177727918488355;0,088993730540001;79;114;6;211;
-0,0206000000000006;EURUSD;912;SSIStochStrategy;0,1;0,14;180;480;0,3;216;0,000999999999999446;-0,0074000000000003;0,560185185185185;0,625;4,62962962962706E-06;2,63157894736696E-05;5,68421052631579;0,533333333333333;-0,00180740740740742;0,00109185185185185;4,62962962962706E-06;0,000357367297691777;0,00178462416265174;0,00180117678915445;167;84;112;19;
0,00849999999999899;EURUSD;912;SSIStochStrategy;0,07;0,16;120;420;0,11;389;0,047399999999999;-0,000299999999999967;0,57840616966581;0,6426735218509;0,000121850899742928;0,00124736842105261;10,2368421052632;0,8;-0,00119338235294117;0,000838799999999995;0,000122797927461137;0,000509484602318851;0,000777079960860496;0,00115033153391671;88;50;234;104;
-0,0560999999999988;GBPUSD;912;SSIStochStrategy;0,15;0,08;120;960;0,15;146;-0,0414999999999988;-0,0469999999999986;0,5;0,424657534246575;-0,000284246575342457;-0,00109210526315786;3,84210526315789;0,0625;-0,00154155844155845;0,00124516129032261;-0,000298561151079128;0,000914696744979312;0,00100315743728849;0,00168804452920873;176;94;19;32;
-4,07709999999993;USDJPY;912;SSIStochStrategy;0,17;0,17;30;840;0,02;671;-4,00999999999993;-4,00999999999993;0,545454545454545;0,286140089418778;-0,00597615499254834;-0,105526315789472;17,6578947368421;0,266666666666667;-0,0325663716814161;0,0557812500000007;-0,00622670807453406;0,0603670548818153;0,0144686882588801;0,053541226070788;24;232;6;433;
-10,0920999999999;USDJPY;912;SSIStochStrategy;0,27;0,1;30;120;0,02;1321;-9,95999999999988;-9,95999999999988;0,510976532929599;0,260408781226344;-0,00753974261922777;-0,262105263157892;34,7631578947368;0,133333333333333;-0,03197152245345;0,0559011627906976;-0,00792362768496411;0,0515210681543397;0,010777611554775;0,0484318996195884;19;449;5;866;
-1,80930000000006;USDJPY;912;SSIStochStrategy;0,25;0,17;30;420;0,31;593;-1,75000000000006;-2,13;0,537942664418212;0,436762225969646;-0,00295109612141662;-0,0460526315789489;15,6052631578947;0,4;-0,0545104895104899;0,0534362934362936;-0,00321100917431203;0,0602966187684681;0,0641153208328135;0,0824073651062343;39;583;4;5;
-0,0550999999999991;EURUSD;912;SSIStochStrategy;0,26;0,08;120;780;0,05;244;-0,0306999999999991;-0,0358999999999989;0,5;0,278688524590164;-0,000125819672131144;-0,000807894736842081;6,42105263157895;0,375;-0,000741860465116266;0,00142499999999998;-0,000127916666666663;0,00106831023804224;0,000706442959444451;0,00127844788437211;83;58;18;167;
-0,0260000000000028;GBPUSD;912;SSIStochStrategy;0,29;0,17;180;60;0,18;230;-0,00300000000000278;-0,0326000000000013;0,447826086956522;0,469565217391304;-1,30434782608816E-05;-7,89473684211257E-05;6,05263157894737;0,533333333333333;-0,00162543859649125;0,00168796296296296;-1,3513513513526E-05;0,00146114602361706;0,00121668310997123;0,0021310652281369;226;174;12;43;
-0,0140999999999996;EURUSD;912;SSIStochStrategy;0,04;0,1;30;1080;0,25;330;0,0189000000000004;-0,00629999999999931;0,445454545454545;0,612121212121212;5,72727272727284E-05;0,000497368421052641;8,68421052631579;0,625;-0,000665789473684202;0,000469306930693066;5,98101265822796E-05;0,000187078939370325;0,000629372974986675;0,000680002765741751;46;164;162;3;
-0,0046000000000019;EURUSD;912;SSIStochStrategy;0,09;0,14;120;660;0,23;235;0,0188999999999981;-0,00160000000000005;0,548936170212766;0,634042553191489;8,04255319148857E-05;0,000497368421052583;6,18421052631579;0,6875;-0,00149277108433735;0,000958389261744956;8,14655172413713E-05;0,000330771047794667;0,00134081283857203;0,00144703963813303;131;92;121;21;
-0,207999999999998;USDCHF;912;SSIStochStrategy;0,23;0,21;120;540;0,03;708;-0,137199999999998;-0,148099999999997;0,553672316384181;0,13135593220339;-0,00019378531073446;-0,00361052631578942;18,6315789473684;0,3125;-0,000452442996742666;0,00151182795698924;-0,000194059405940591;0,000898008485048111;0,000341464882959577;0,000805053917304013;26;57;41;609;
-0,0180999999999995;GBPUSD;912;SSIStochStrategy;0,17;0,19;180;900;0,2;131;-0,00499999999999945;-0,0253999999999996;0,458015267175573;0,465648854961832;-3,81679389312935E-05;-0,000131578947368407;3,44736842105263;0,375;-0,00178749999999999;0,00179344262295081;-3,99999999999956E-05;0,00128380439402493;0,00123648948640903;0,00218884444399322;231;82;27;21;
-0,0277999999998721;USDJPY;912;SSIStochStrategy;0,07;0,08;60;780;0,11;278;1,27897692436818E-13;-0,370000000000005;0,539568345323741;0,517985611510791;4,60063641859058E-16;3,36572874833732E-15;7,31578947368421;0,4375;-0,0737301587301588;0,0645138888888898;4,736951571734E-16;0,0386190414517793;0,0528960365032441;0,0828117007298955;89;167;76;34;
-0,0454000000000003;EURUSD;912;SSIStochStrategy;0,23;0,19;90;1140;0,04;321;-0,0133000000000003;-0,0154000000000007;0,461059190031153;0,283489096573209;-4,14330218068546E-05;-0,000350000000000008;8,44736842105263;0,5625;-0,000604035874439464;0,00133406593406594;-4,23566878980902E-05;0,000963649174708536;0,000614059372952842;0,0011445615744094;56;81;24;215;
-7,13079999999997;USDJPY;912;SSIStochStrategy;0,18;0,2;120;180;0,02;808;-7,04999999999997;-7,29999999999997;0,530940594059406;0,152227722772277;-0,00872524752475244;-0,185526315789473;21,2631578947368;0,266666666666667;-0,0334705882352939;0,127723577235772;-0,00877957658779573;0,0804440219259712;0,0122119403818265;0,0669919790839852;35;99;37;672;
-0,0333;EURUSD;912;SSIStochStrategy;0,08;0,08;150;420;0,14;272;-0,00609999999999999;-0,0182;0,544117647058823;0,599264705882353;-2,24264705882353E-05;-0,000160526315789474;7,1578947368421;0,5625;-0,00145000000000001;0,000905521472392643;-2,26765799256505E-05;0,000251681835799576;0,000903478602350764;0,00129802777601074;125;56;141;74;
-0,0658999999999981;GBPUSD;912;SSIStochStrategy;0,08;0,1;120;300;0,21;262;-0,0396999999999981;-0,0498999999999978;0,522900763358779;0,484732824427481;-0,000151526717557245;-0,00104473684210521;6,89473684210526;0,4375;-0,00142790697674419;0,00113779527559057;-0,000155078124999992;0,000640611068250522;0,00117466648700292;0,00159515060813909;128;143;90;28;
0,462000000000023;USDJPY;912;SSIStochStrategy;0,04;0,15;180;840;0,13;280;0,490000000000023;-0,159999999999997;0,553571428571429;0,682142857142857;0,00175000000000008;0,0128947368421059;7,36842105263158;0,533333333333333;-0,117558139534884;0,055497382198953;0,00176895306859214;0,0350711877905841;0,0638482220347895;0,0923310871256614;121;46;186;47;
0,738300000000005;USDJPY;912;SSIStochStrategy;0,1;0,14;120;900;0,12;217;0,760000000000005;-0,489999999999981;0,525345622119816;0,497695852534562;0,00350230414746546;0,0200000000000001;5,71052631578947;0,4375;-0,105408163265307;0,102685185185186;0,00368932038834954;0,0829949405138147;0,0563184887781888;0,126175946588866;151;107;64;45;
-0,030100000000001;USDCHF;912;SSIStochStrategy;0,11;0,17;150;540;0,18;274;-0,00270000000000103;-0,0350000000000003;0,521897810218978;0,532846715328467;-9,85401459854392E-06;-7,10526315789746E-05;7,21052631578947;0,5;-0,00133739837398374;0,00110821917808219;-1,00371747211934E-05;0,000512248180608101;0,000718557540395438;0,00136485752300289;109;85;119;69;
-0,0402000000000005;USDCHF;912;SSIStochStrategy;0,29;0,2;120;60;0,28;310;-0,00920000000000054;-0,0414;0,506451612903226;0,458064516129032;-2,96774193548405E-05;-0,000242105263157909;8,15789473684211;0,466666666666667;-0,00111688311688313;0,00114647887323944;-3,10810810810829E-05;0,00100524413486497;0,00106410166946665;0,00153377961661537;164;263;19;27;
-0,452400000000076;USDJPY;912;SSIStochStrategy;0,03;0,2;30;360;0,08;824;-0,370000000000076;-0,980000000000047;0,544902912621359;0,538834951456311;-0,000449029126213684;-0,00973684210526515;21,6842105263158;0,466666666666667;-0,0526764705882356;0,0395045045045046;-0,0004719387755103;0,0274063101413762;0,0368248801669193;0,0556813705730581;30;346;379;98;
0,0002999999999974;EURUSD;912;SSIStochStrategy;0,07;0,15;150;300;0,17;351;0,0353999999999974;-0,00230000000000019;0,581196581196581;0,695156695156695;0,000100854700854694;0,000931578947368353;9,23684210526316;0,533333333333333;-0,00159714285714287;0,000832377049180321;0,00010143266475644;0,000516586452350374;0,000994600388081964;0,00131368080590097;99;59;225;66;
-0,0156999999999973;EURUSD;912;SSIStochStrategy;0,13;0,17;150;840;0,07;295;0,0138000000000027;-0,00160000000000005;0,505084745762712;0,410169491525424;4,67796610169583E-05;0,000363157894736913;7,76315789473684;0,6;-0,000871597633136074;0,00133140495867768;4,7586206896561E-05;0,000457812451738863;0,000631442739110584;0,00122469322034037;89;47;90;157;
-0,0209000000000013;USDCHF;912;SSIStochStrategy;0,27;0,19;210;480;0,16;193;-0,00160000000000127;-0,0308999999999998;0,471502590673575;0,471502590673575;-8,29015544042107E-06;-4,21052631579281E-05;5,07894736842105;0,5;-0,001421;0,00154395604395603;-8,37696335079197E-06;0,00107040187494793;0,000564676013303206;0,00170460816283059;192;85;34;73;
-0,0579999999999982;GBPUSD;912;SSIStochStrategy;0,07;0,14;120;960;0,26;173;-0,0406999999999982;-0,0486999999999991;0,46242774566474;0,514450867052023;-0,000235260115606926;-0,0010710526315789;4,55263157894737;0,25;-0,00158765432098764;0,000987640449438213;-0,000239411764705872;0,000601462678700399;0,00142805943750576;0,00167792929314759;151;89;69;14;
-0,0629999999999999;EURUSD;912;SSIStochStrategy;0,02;0,07;30;1080;0,05;484;-0,0145999999999999;-0,0195000000000001;0,491735537190083;0,615702479338843;-3,01652892561982E-05;-0,000384210526315788;12,7368421052632;0,5;-0,000631111111111109;0,00033221476510067;-3,05439330543932E-05;0,000118019709635839;0,000245014486848081;0,00049915002770904;14;42;289;152;
-0,0347000000000004;GBPUSD;912;SSIStochStrategy;0,18;0,17;180;720;0,24;138;-0,0209000000000004;-0,0368000000000011;0,463768115942029;0,456521739130435;-0,000151449275362321;-0,000550000000000009;3,63157894736842;0,466666666666667;-0,00194852941176471;0,00177142857142857;-0,000159541984732827;0,00118648855959121;0,00137653578905408;0,00226165441795438;169;93;27;17;
-3,69589999999998;USDJPY;912;SSIStochStrategy;0,25;0,13;210;360;0,26;159;-3,67999999999998;-3,67999999999998;0,522012578616352;0,427672955974843;-0,0231446540880502;-0,0968421052631573;4,18421052631579;0,4375;-0,141395348837209;0,124705882352941;-0,0238961038961038;0,118501310345637;0,113005070792766;0,175478239625951;278;130;11;17;
-0,0509000000000004;USDCHF;912;SSIStochStrategy;0,26;0,07;210;1020;0,14;152;-0,0357000000000004;-0,0494000000000007;0,513157894736842;0,401315789473684;-0,000234868421052634;-0,000939473684210537;4;0,4375;-0,00144494382022473;0,00152295081967213;-0,000238000000000003;0,00105882604999058;0,000473336528015685;0,00164748980775806;152;52;22;77;
0,417899999999998;USDJPY;912;SSIStochStrategy;0,06;0,08;180;540;0,18;221;0,439999999999998;-0,35000000000008;0,552036199095023;0,606334841628959;0,00199095022624433;0,011578947368421;5,81578947368421;0,5625;-0,122380952380952;0,08;0,0020183486238532;0,0238777983434684;0,0863357103131921;0,113681349414108;160;70;121;29;
-0,0931999999999944;GBPUSD;912;SSIStochStrategy;0,17;0,11;210;540;0,03;364;-0,0567999999999944;-0,0663999999999945;0,535714285714286;0,162087912087912;-0,000156043956043941;-0,00149473684210512;9,57894736842105;0,375;-0,000568211920529791;0,00194576271186445;-0,000157340720221591;0,00101268597938694;0,000255112197347338;0,00104218905443494;67;33;32;298;
-0,0457999999999989;USDCHF;912;SSIStochStrategy;0,12;0,08;150;600;0,15;224;-0,0233999999999989;-0,0344999999999993;0,549107142857143;0,473214285714286;-0,000104464285714281;-0,000615789473684181;5,89473684210526;0,5;-0,00128695652173912;0,00117547169811321;-0,000105882352941171;0,000510976002972835;0,000599060385884202;0,00135105514813737;87;58;88;77;
-5,83300000000004;USDJPY;912;SSIStochStrategy;0,13;0,19;210;900;0,01;630;-5,77000000000004;-5,77000000000004;0,533333333333333;0,0825396825396825;-0,00915873015873022;-0,151842105263159;16,5789473684211;0,333333333333333;-0,0242881944444446;0,158076923076924;-0,00918789808917204;0,102301185449528;0,0152244868392254;0,0600409338609427;34;17;39;574;
-0,0343999999999977;GBPUSD;912;SSIStochStrategy;0,29;0,1;180;720;0,07;178;-0,0165999999999977;-0,0277999999999976;0,47752808988764;0,342696629213483;-9,32584269662794E-05;-0,000436842105263098;4,68421052631579;0,375;-0,00111403508771929;0,00180983606557379;-9,48571428571299E-05;0,00168559032010268;0,000433847979071348;0,00174762756972101;147;66;12;99;
-2,55979999999978;USDJPY;912;SSIStochStrategy;0,16;0,1;60;240;0,31;398;-2,51999999999978;-3,14999999999981;0,49748743718593;0,454773869346734;-0,00633165829145674;-0,0663157894736785;10,4736842105263;0,3125;-0,0740909090909092;0,0671270718232057;-0,00664907651714982;0,0601887490334385;0,0729323182729606;0,0973886527061967;87;373;20;4;
-0,0887999999999959;GBPUSD;912;SSIStochStrategy;0,16;0,1;180;840;0,03;312;-0,0575999999999959;-0,0598999999999958;0,538461538461538;0,169871794871795;-0,000184615384615371;-0,0015157894736841;8,21052631578947;0,1875;-0,000576356589147278;0,00171886792452834;-0,000185209003215421;0,00100302497265203;0,000274538197126356;0,000989319102973041;58;29;28;254;
-0,0404999999999985;GBPUSD;912;SSIStochStrategy;0,26;0,09;90;480;0,15;232;-0,0172999999999985;-0,0281999999999984;0,5;0,452586206896552;-7,45689655172351E-05;-0,000455263157894698;6,10526315789474;0,3125;-0,00113739130434783;0,0010809523809524;-7,8636363636357E-05;0,00108286174979126;0,000920818243838201;0,0014935156676737;142;196;7;28;
-1,31509999999991;USDJPY;912;SSIStochStrategy;0,09;0,1;30;540;0,17;451;-1,26999999999991;-1,46999999999991;0,534368070953437;0,425720620842572;-0,0028159645232814;-0,0334210526315766;11,8684210526316;0,3125;-0,0538785046728971;0,0534375000000004;-0,00312807881773377;0,0410240814695057;0,0511037446330601;0,0710152855935586;54;399;42;9;
-0,0315000000000009;EURUSD;912;SSIStochStrategy;0,07;0,14;90;780;0,25;256;-0,0059000000000009;-0,0156999999999992;0,546875;0,62890625;-2,30468750000035E-05;-0,000155263157894761;6,73684210526316;0,375;-0,00145348837209301;0,00073975155279502;-2,3886639676117E-05;0,00026428845127806;0,00153226520826829;0,00139810321018861;109;110;129;16;
-0,100899999999927;USDJPY;912;SSIStochStrategy;0,08;0,19;150;900;0,25;209;-0,0799999999999272;-1,6999999999999;0,545454545454545;0,526315789473684;-0,000382775119616877;-0,00210526315789282;5,5;0,533333333333333;-0,119673913043479;0,0993636363636373;-0,000396039603960036;0,0716211912866741;0,105711369621705;0,140648574007894;169;109;88;11;
-0,0343999999999993;GBPUSD;912;SSIStochStrategy;0,16;0,12;90;1080;0,28;159;-0,0184999999999993;-0,0252999999999997;0,465408805031447;0,459119496855346;-0,000116352201257857;-0,000486842105263139;4,18421052631579;0,3125;-0,00138133333333333;0,00116575342465754;-0,000124999999999995;0,00118751717254573;0,00127192173064577;0,00177116067456771;115;134;18;6;
-2,16870000000005;USDJPY;912;SSIStochStrategy;0,21;0,16;180;600;0,12;187;-2,15000000000005;-2,15000000000005;0,540106951871658;0,417112299465241;-0,0114973262032088;-0,0565789473684223;4,92105263157895;0,4;-0,114615384615385;0,12525641025641;-0,0118131868131871;0,113213258702717;0,0660699378415819;0,148588628385381;210;109;16;61;
-0,0997999999999971;GBPUSD;912;SSIStochStrategy;0,02;0,11;120;300;0,14;511;-0,0486999999999971;-0,0522999999999967;0,524461839530333;0,741682974559687;-9,53033268101704E-05;-0,00128157894736834;13,4473684210526;0,3125;-0,00162403100775194;0,000424274406332461;-9,58661417322777E-05;7,2218436272017E-05;0,000859851726338093;0,000993226388718767;64;71;372;67;
-0,0372000000000016;USDCHF;912;SSIStochStrategy;0,2;0,21;60;120;0,22;519;0,0146999999999984;-0,0116000000000013;0,529865125240848;0,489402697495183;2,83236994219622E-05;0,000386842105263115;13,6578947368421;0,5;-0,000828215767634858;0,000843700787401572;2,96969696969664E-05;0,000737907557906225;0,0007848358783427;0,00113032886476285;82;441;46;31;
-0,0887999999999997;USDCHF;912;SSIStochStrategy;0,02;0,2;120;360;0,17;689;-0,0198999999999997;-0,0374000000000001;0,516690856313498;0,821480406386067;-2,88824383164001E-05;-0,000523684210526308;18,1315789473684;0,5;-0,00137622950819672;0,00026148409893993;-2,89244186046507E-05;0,000240877200496205;0,000768120260253058;0,000737309695657605;36;52;565;71;
-0,0620999999999973;EURUSD;912;SSIStochStrategy;0,06;0,13;180;840;0,05;417;-0,0203999999999973;-0,0254999999999972;0,517985611510791;0,45083932853717;-4,89208633093461E-05;-0,000536842105263087;10,9736842105263;0,5625;-0,00068991228070175;0,000728191489361712;-4,90384615384551E-05;0,000150541312389911;0,000566873536461545;0,000827327159768099;43;11;182;223;
-0,0234999999999988;EURUSD;912;SSIStochStrategy;0,25;0,21;150;1140;0,07;225;-0,00099999999999878;-0,002999999999999;0,457777777777778;0,351111111111111;-4,44444444443902E-06;-2,63157894736521E-05;5,92105263157895;0,533333333333333;-0,000922758620689644;0,00168101265822784;-4,46428571428027E-06;0,00102216894605057;0,000743778315841051;0,00150809650558346;118;61;27;136;
-0,0639999999999994;GBPUSD;912;SSIStochStrategy;0,2;0,13;60;180;0,15;427;-0,0212999999999994;-0,0251999999999992;0,489461358313817;0,451990632318501;-4,98829039812633E-05;-0,000560526315789459;11,2368421052632;0,333333333333333;-0,000985714285714294;0,000997927461139908;-5,19512195121937E-05;0,000913511618209302;0,000856328338030931;0,00132713099600126;74;369;19;38;
0,0229999999999982;EURUSD;912;SSIStochStrategy;0,26;0,15;210;60;0,27;215;0,0444999999999982;-0,0100000000000005;0,544186046511628;0,511627906976744;0,000206976744186038;0,0011710526315789;5,65789473684211;0,533333333333333;-0,00163564356435645;0,00190636363636363;0,000210900473933641;0,00140222403039063;0,00117461467525734;0,00219459150881628;220;132;47;35;
2,33910000000015;USDJPY;912;SSIStochStrategy;0,1;0,08;150;120;0,18;309;2,37000000000015;-0,269999999999911;0,521035598705502;0,527508090614887;0,00766990291262183;0,0623684210526354;8,13157894736842;0,533333333333333;-0,122164179104478;0,114969325153375;0,00797979797979847;0,0612885584967707;0,0924812360177505;0,140870165870146;158;146;122;40;
-0,1656;USDCHF;912;SSIStochStrategy;0,01;0,21;90;660;0,11;814;-0,0842000000000005;-0,0861000000000003;0,539312039312039;0,813267813267813;-0,000103439803439804;-0,00221578947368422;21,4210526315789;0,4375;-0,00118807947019867;0,000143806646525679;-0,000103567035670357;9,02297106329166E-05;0,000428446624727957;0,000555880622450927;14;22;662;130;
-0,511400000000066;USDJPY;912;SSIStochStrategy;0,18;0,15;120;600;0,19;214;-0,490000000000066;-0,490000000000066;0,518691588785047;0,44392523364486;-0,00228971962616853;-0,012894736842107;5,63157894736842;0,5;-0,102476190476191;0,108105263157895;-0,00245000000000033;0,0891751055282998;0,0850521515349588;0,136504569520584;162;172;21;20;
-0,023500000000001;USDCHF;912;SSIStochStrategy;0,17;0,17;120;480;0,18;270;0,00349999999999895;-0,0319000000000004;0,525925925925926;0,5;1,29629629629591E-05;9,21052631578671E-05;7,10526315789474;0,5625;-0,00119846153846154;0,00118;1,32075471698074E-05;0,00072610579782125;0,000746786409107992;0,0013985488079595;118;143;67;59;
-0,0841000000000029;EURUSD;912;SSIStochStrategy;0,16;0,1;60;300;0,06;476;-0,0365000000000029;-0,0388000000000031;0,523109243697479;0,369747899159664;-7,66806722689136E-05;-0,000960526315789549;12,5263157894737;0,466666666666667;-0,000767368421052636;0,00103522727272726;-7,91757049891602E-05;0,000707273859253589;0,000548447654000103;0,00106951454388582;45;173;54;248;
-0,0898000000000093;EURUSD;912;SSIStochStrategy;0,29;0,1;150;120;0,02;839;-0,00590000000000934;-0,0297000000000074;0,526817640047676;0,138259833134684;-7,03218116806835E-06;-0,000155263157894983;22,0789473684211;0,466666666666667;-0,000349445983379513;0,00212413793103448;-7,04057279237392E-06;0,00135497936678878;0,000157388567595081;0,00100260309203976;36;76;42;720;
-0,063600000000001;EURUSD;912;SSIStochStrategy;0,22;0,15;30;300;0,08;562;-0,00740000000000096;-0,0157000000000012;0,55338078291815;0,469750889679715;-1,31672597864786E-05;-0,000194736842105288;14,7894736842105;0,466666666666667;-0,000727509293680303;0,000713257575757578;-1,38836772983132E-05;0,000772254664594562;0,00062997147285023;0,00100726932031844;34;406;11;144;
